{
    "Version": 1,
    "Name": "Alieee5",
    "ModelID": "8fe32b2c750c482fbcaf53d1b1cb137b",
    "FileReferences": {
        "Icon": "",
        "Model": "Alieee5.model3.json",
        "IdleAnimation": "Normal.motion3.json",
        "IdleAnimationWhenTrackingLost": "Normal.motion3.json"
    },
    "ModelSaveMetadata": {
        "LastSavedVTubeStudioVersion": "1.31.15",
        "LastSavedPlatform": "Steam",
        "LastSavedDateUTC": "Friday, 09 May 2025, 15:57:25",
        "LastSavedDateLocalTime": "Friday, 09 May 2025, 08:57:25",
        "LastSavedDateUnixMillisecondTimestamp": "1746806245848"
    },
    "SavedModelPosition": {
        "Position": {
            "x": -34.806640625,
            "y": -53.37017059326172,
            "z": 0.0
        },
        "Rotation": {
            "x": 0.0,
            "y": 0.0,
            "z": 0.0,
            "w": 1.0
        },
        "Scale": {
            "x": 1.916334867477417,
            "y": 1.916334867477417,
            "z": 1.0
        }
    },
    "ModelPositionMovement": {
        "Use": true,
        "X": 6,
        "Y": 8,
        "Z": 11,
        "SmoothingX": 10,
        "SmoothingY": 10,
        "SmoothingZ": 10
    },
    "ItemSettings": {
        "OnlyMoveWhenPinned": false,
        "AllowNormalHotkeyTriggers": true,
        "Multiplier_HeadAngleX": 1.0,
        "Multiplier_HeadAngleY": 1.0,
        "Multiplier_HeadAngleZ": 1.0,
        "Shift_HeadAngleX": 0.0,
        "Shift_HeadAngleY": 0.0,
        "Smoothing_HeadAngleX": 15.0,
        "Smoothing_HeadAngleY": 15.0,
        "Smoothing_HeadAngleZ": 15.0
    },
    "PhysicsSettings": {
        "Use": true,
        "UseLegacyPhysics": false,
        "Live2DPhysicsFPS": 3,
        "PhysicsStrength": 100,
        "WindStrength": 0,
        "DraggingPhysicsStrength": 0
    },
    "GeneralSettings": {
        "TimeUntilTrackingLostIdleAnimation": 0.0,
        "WorkshopSharingForbidden": true,
        "EnableExpressionSaving": false
    },
    "ParameterSettings": [
        {
            "Folder": "",
            "Name": "",
            "Input": "FaceAngleX",
            "InputRangeLower": -20.0,
            "InputRangeUpper": 20.0,
            "OutputRangeLower": -30.0,
            "OutputRangeUpper": 30.0,
            "ClampInput": false,
            "ClampOutput": false,
            "UseBlinking": false,
            "UseBreathing": false,
            "OutputLive2D": "ParamAngleX",
            "Smoothing": 20,
            "Minimized": false
        },
        {
            "Folder": "",
            "Name": "",
            "Input": "FaceAngleY",
            "InputRangeLower": -30.0,
            "InputRangeUpper": 30.0,
            "OutputRangeLower": -30.0,
            "OutputRangeUpper": 30.0,
            "ClampInput": false,
            "ClampOutput": false,
            "UseBlinking": false,
            "UseBreathing": false,
            "OutputLive2D": "ParamAngleY",
            "Smoothing": 20,
            "Minimized": false
        },
        {
            "Folder": "",
            "Name": "",
            "Input": "FaceAngleZ",
            "InputRangeLower": -90.0,
            "InputRangeUpper": 90.0,
            "OutputRangeLower": -30.0,
            "OutputRangeUpper": 30.0,
            "ClampInput": false,
            "ClampOutput": false,
            "UseBlinking": false,
            "UseBreathing": false,
            "OutputLive2D": "ParamAngleZ",
            "Smoothing": 20,
            "Minimized": false
        },
        {
            "Folder": "",
            "Name": "",
            "Input": "MouthSmile",
            "InputRangeLower": 0.0,
            "InputRangeUpper": 1.0,
            "OutputRangeLower": -1.0,
            "OutputRangeUpper": 1.0,
            "ClampInput": false,
            "ClampOutput": false,
            "UseBlinking": false,
            "UseBreathing": false,
            "OutputLive2D": "ParamMouthForm",
            "Smoothing": 20,
            "Minimized": false
        },
        {
            "Folder": "",
            "Name": "",
            "Input": "FaceAngleZ",
            "InputRangeLower": -90.0,
            "InputRangeUpper": 90.0,
            "OutputRangeLower": -10.0,
            "OutputRangeUpper": 10.0,
            "ClampInput": false,
            "ClampOutput": false,
            "UseBlinking": false,
            "UseBreathing": false,
            "OutputLive2D": "ParamBodyAngleZ",
            "Smoothing": 20,
            "Minimized": false
        },
        {
            "Folder": "",
            "Name": "",
            "Input": "EyeLeftX",
            "InputRangeLower": -0.5,
            "InputRangeUpper": 0.5,
            "OutputRangeLower": -1.0,
            "OutputRangeUpper": 1.0,
            "ClampInput": false,
            "ClampOutput": false,
            "UseBlinking": false,
            "UseBreathing": false,
            "OutputLive2D": "ParamEyeBallX",
            "Smoothing": 20,
            "Minimized": false
        },
        {
            "Folder": "",
            "Name": "",
            "Input": "EyeLeftY",
            "InputRangeLower": -0.6000000238418579,
            "InputRangeUpper": 1.5,
            "OutputRangeLower": -1.5,
            "OutputRangeUpper": 0.699999988079071,
            "ClampInput": false,
            "ClampOutput": false,
            "UseBlinking": false,
            "UseBreathing": false,
            "OutputLive2D": "ParamEyeBallY",
            "Smoothing": 20,
            "Minimized": false
        },
        {
            "Folder": "",
            "Name": "",
            "Input": "FaceAngleY",
            "InputRangeLower": -8.0,
            "InputRangeUpper": 8.0,
            "OutputRangeLower": -10.0,
            "OutputRangeUpper": 10.0,
            "ClampInput": false,
            "ClampOutput": false,
            "UseBlinking": false,
            "UseBreathing": false,
            "OutputLive2D": "ParamBodyAngleY",
            "Smoothing": 100,
            "Minimized": false
        },
        {
            "Folder": "",
            "Name": "",
            "Input": "DesktopAudioVolume",
            "InputRangeLower": 0.0,
            "InputRangeUpper": 1.0,
            "OutputRangeLower": 0.0,
            "OutputRangeUpper": 1.0,
            "ClampInput": false,
            "ClampOutput": false,
            "UseBlinking": false,
            "UseBreathing": false,
            "OutputLive2D": "ParamMouthOpenY",
            "Smoothing": 20,
            "Minimized": false
        },
        {
            "Folder": "",
            "Name": "",
            "Input": "",
            "InputRangeLower": 0.0,
            "InputRangeUpper": 0.0,
            "OutputRangeLower": 0.0,
            "OutputRangeUpper": 1.0,
            "ClampInput": false,
            "ClampOutput": false,
            "UseBlinking": false,
            "UseBreathing": true,
            "OutputLive2D": "ParamBreath",
            "Smoothing": 20,
            "Minimized": false
        },
        {
            "Folder": "",
            "Name": "",
            "Input": "EyeOpenRight",
            "InputRangeLower": 0.0,
            "InputRangeUpper": 1.0,
            "OutputRangeLower": 0.0,
            "OutputRangeUpper": 1.0,
            "ClampInput": true,
            "ClampOutput": true,
            "UseBlinking": true,
            "UseBreathing": false,
            "OutputLive2D": "ParamEyeROpen",
            "Smoothing": 20,
            "Minimized": false
        },
        {
            "Folder": "",
            "Name": "",
            "Input": "Brows",
            "InputRangeLower": 0.0,
            "InputRangeUpper": 1.0,
            "OutputRangeLower": 0.0,
            "OutputRangeUpper": 1.0,
            "ClampInput": false,
            "ClampOutput": false,
            "UseBlinking": false,
            "UseBreathing": false,
            "OutputLive2D": "ParamEyeRSmile",
            "Smoothing": 20,
            "Minimized": false
        },
        {
            "Folder": "",
            "Name": "",
            "Input": "FaceAngleX",
            "InputRangeLower": -30.0,
            "InputRangeUpper": 30.0,
            "OutputRangeLower": -10.0,
            "OutputRangeUpper": 10.0,
            "ClampInput": false,
            "ClampOutput": false,
            "UseBlinking": false,
            "UseBreathing": false,
            "OutputLive2D": "ParamBodyAngleX",
            "Smoothing": 20,
            "Minimized": false
        }
    ],
    "Hotkeys": [
        {
            "HotkeyID": "b8638a9780ff46a3be681b815eed5318",
            "Name": "",
            "Action": "ToggleExpression",
            "File": "Teeth.exp3.json",
            "Folder": "",
            "Position": {
                "X": 0.0,
                "Y": 0.0,
                "Z": 0.0,
                "Rotation": 0.0
            },
            "ColorOverlay": {
                "On": false,
                "IsStaticColor": false,
                "Display": -1,
                "WindowName": "",
                "IncludeLeft": false,
                "IncludeMid": false,
                "IncludeRight": false,
                "BaseValue": 0,
                "OverlayValue": 0,
                "Smoothing": 0,
                "IncludeItems": false,
                "StaticColor": {
                    "r": 0.0,
                    "g": 0.0,
                    "b": 0.0,
                    "a": 1.0
                }
            },
            "ColorScreenMultiplyPreset": {
                "ArtMeshMultiplyAndScreenColors": []
            },
            "HandGestureSettings": {
                "GestureLeft": "",
                "GestureRight": "",
                "GestureCombinator": "AND",
                "AllowMirroredGesture": false,
                "DeactivateExpWhenGestureNotDetected": false,
                "SecondsUntilDetection": 0.5,
                "SecondsDetected": 0.0,
                "PercentDetected": 0.0
            },
            "LoadModelSettings": {
                "LoadAtCurrentPosition": true
            },
            "TwitchTriggers": {
                "Active": false,
                "CooldownActive": false,
                "CooldownSeconds": 30.0,
                "ResetActive": false,
                "HideModelResetDialog": false,
                "Active_GiftSubTrigger": false,
                "Active_BitTrigger": false,
                "Active_RedeemTrigger": false,
                "Active_TextCommandTrigger": false,
                "Active_SubTrigger": false,
                "Active_FollowTrigger": false,
                "Active_RaidTrigger": false,
                "Active_ShoutoutTrigger": false,
                "Active_AdbreakTrigger": false,
                "Trigger_TextCommandTrigger": "",
                "Trigger_Redeem_Name": "",
                "Trigger_Redeem_ID": "",
                "UseTextTriggerUserTypeRestriction": false,
                "RestrictTextTriggerTo": {
                    "Allowed_You": true,
                    "Allowed_Subs": false,
                    "Allowed_Mods": false,
                    "Allowed_VIPs": false,
                    "Allowed_Artists": false,
                    "Allowed_UserNames": false,
                    "UserNames": [],
                    "Allowed_UserIDs": false,
                    "UserIDs": []
                },
                "AllowRepeatedFollow": false,
                "Trigger_GiftSubTrigger": {
                    "Min": 1.0,
                    "Max": 100.0
                },
                "Trigger_BitTrigger": {
                    "Min": 100.0,
                    "Max": 3000.0
                }
            },
            "Triggers": {
                "Trigger1": "Tab",
                "Trigger2": "F1",
                "Trigger3": "",
                "ScreenButton": -1
            },
            "IsGlobal": true,
            "IsActive": true,
            "Minimized": false,
            "StopsOnLastFrame": false,
            "DeactivateAfterKeyUp": false,
            "OnlyLoadOneRandomItem": false,
            "DeactivateAfterSeconds": false,
            "DeactivateAfterSecondsAmount": 10.0,
            "FadeSecondsAmount": 2.0,
            "OnScreenHotkeyColor": {
                "r": 1.0,
                "g": 1.0,
                "b": 1.0,
                "a": 1.0
            }
        },
        {
            "HotkeyID": "e2cc48b9a4584d49897244e877790ad1",
            "Name": "",
            "Action": "ToggleExpression",
            "File": "Pretty effect.exp3.json",
            "Folder": "",
            "Position": {
                "X": 0.0,
                "Y": 0.0,
                "Z": 0.0,
                "Rotation": 0.0
            },
            "ColorOverlay": {
                "On": false,
                "IsStaticColor": false,
                "Display": -1,
                "WindowName": "",
                "IncludeLeft": false,
                "IncludeMid": false,
                "IncludeRight": false,
                "BaseValue": 0,
                "OverlayValue": 0,
                "Smoothing": 0,
                "IncludeItems": false,
                "StaticColor": {
                    "r": 0.0,
                    "g": 0.0,
                    "b": 0.0,
                    "a": 1.0
                }
            },
            "ColorScreenMultiplyPreset": {
                "ArtMeshMultiplyAndScreenColors": []
            },
            "HandGestureSettings": {
                "GestureLeft": "",
                "GestureRight": "",
                "GestureCombinator": "AND",
                "AllowMirroredGesture": false,
                "DeactivateExpWhenGestureNotDetected": false,
                "SecondsUntilDetection": 0.5,
                "SecondsDetected": 0.0,
                "PercentDetected": 0.0
            },
            "LoadModelSettings": {
                "LoadAtCurrentPosition": true
            },
            "TwitchTriggers": {
                "Active": false,
                "CooldownActive": false,
                "CooldownSeconds": 30.0,
                "ResetActive": false,
                "HideModelResetDialog": false,
                "Active_GiftSubTrigger": false,
                "Active_BitTrigger": false,
                "Active_RedeemTrigger": false,
                "Active_TextCommandTrigger": false,
                "Active_SubTrigger": false,
                "Active_FollowTrigger": false,
                "Active_RaidTrigger": false,
                "Active_ShoutoutTrigger": false,
                "Active_AdbreakTrigger": false,
                "Trigger_TextCommandTrigger": "",
                "Trigger_Redeem_Name": "",
                "Trigger_Redeem_ID": "",
                "UseTextTriggerUserTypeRestriction": false,
                "RestrictTextTriggerTo": {
                    "Allowed_You": true,
                    "Allowed_Subs": false,
                    "Allowed_Mods": false,
                    "Allowed_VIPs": false,
                    "Allowed_Artists": false,
                    "Allowed_UserNames": false,
                    "UserNames": [],
                    "Allowed_UserIDs": false,
                    "UserIDs": []
                },
                "AllowRepeatedFollow": false,
                "Trigger_GiftSubTrigger": {
                    "Min": 1.0,
                    "Max": 100.0
                },
                "Trigger_BitTrigger": {
                    "Min": 100.0,
                    "Max": 3000.0
                }
            },
            "Triggers": {
                "Trigger1": "Tab",
                "Trigger2": "F2",
                "Trigger3": "",
                "ScreenButton": -1
            },
            "IsGlobal": true,
            "IsActive": true,
            "Minimized": false,
            "StopsOnLastFrame": false,
            "DeactivateAfterKeyUp": false,
            "OnlyLoadOneRandomItem": false,
            "DeactivateAfterSeconds": false,
            "DeactivateAfterSecondsAmount": 10.0,
            "FadeSecondsAmount": 2.0,
            "OnScreenHotkeyColor": {
                "r": 1.0,
                "g": 1.0,
                "b": 1.0,
                "a": 1.0
            }
        },
        {
            "HotkeyID": "14440a45a3b64933bb5a2bea573ac2c2",
            "Name": "",
            "Action": "RemoveAllExpressions",
            "File": "",
            "Folder": "",
            "Position": {
                "X": 0.0,
                "Y": 0.0,
                "Z": 0.0,
                "Rotation": 0.0
            },
            "ColorOverlay": {
                "On": false,
                "IsStaticColor": false,
                "Display": -1,
                "WindowName": "",
                "IncludeLeft": false,
                "IncludeMid": false,
                "IncludeRight": false,
                "BaseValue": 0,
                "OverlayValue": 0,
                "Smoothing": 0,
                "IncludeItems": false,
                "StaticColor": {
                    "r": 0.0,
                    "g": 0.0,
                    "b": 0.0,
                    "a": 1.0
                }
            },
            "ColorScreenMultiplyPreset": {
                "ArtMeshMultiplyAndScreenColors": []
            },
            "HandGestureSettings": {
                "GestureLeft": "",
                "GestureRight": "",
                "GestureCombinator": "AND",
                "AllowMirroredGesture": false,
                "DeactivateExpWhenGestureNotDetected": false,
                "SecondsUntilDetection": 0.5,
                "SecondsDetected": 0.0,
                "PercentDetected": 0.0
            },
            "LoadModelSettings": {
                "LoadAtCurrentPosition": true
            },
            "TwitchTriggers": {
                "Active": false,
                "CooldownActive": false,
                "CooldownSeconds": 30.0,
                "ResetActive": false,
                "HideModelResetDialog": false,
                "Active_GiftSubTrigger": false,
                "Active_BitTrigger": false,
                "Active_RedeemTrigger": false,
                "Active_TextCommandTrigger": false,
                "Active_SubTrigger": false,
                "Active_FollowTrigger": false,
                "Active_RaidTrigger": false,
                "Active_ShoutoutTrigger": false,
                "Active_AdbreakTrigger": false,
                "Trigger_TextCommandTrigger": "",
                "Trigger_Redeem_Name": "",
                "Trigger_Redeem_ID": "",
                "UseTextTriggerUserTypeRestriction": false,
                "RestrictTextTriggerTo": {
                    "Allowed_You": true,
                    "Allowed_Subs": false,
                    "Allowed_Mods": false,
                    "Allowed_VIPs": false,
                    "Allowed_Artists": false,
                    "Allowed_UserNames": false,
                    "UserNames": [],
                    "Allowed_UserIDs": false,
                    "UserIDs": []
                },
                "AllowRepeatedFollow": false,
                "Trigger_GiftSubTrigger": {
                    "Min": 1.0,
                    "Max": 100.0
                },
                "Trigger_BitTrigger": {
                    "Min": 100.0,
                    "Max": 3000.0
                }
            },
            "Triggers": {
                "Trigger1": "Tab",
                "Trigger2": "F4",
                "Trigger3": "",
                "ScreenButton": -1
            },
            "IsGlobal": true,
            "IsActive": true,
            "Minimized": false,
            "StopsOnLastFrame": false,
            "DeactivateAfterKeyUp": false,
            "OnlyLoadOneRandomItem": false,
            "DeactivateAfterSeconds": false,
            "DeactivateAfterSecondsAmount": 10.0,
            "FadeSecondsAmount": 0.5,
            "OnScreenHotkeyColor": {
                "r": 1.0,
                "g": 1.0,
                "b": 1.0,
                "a": 1.0
            }
        },
        {
            "HotkeyID": "5bf3994646ec45ef88146f49838bf9d0",
            "Name": "",
            "Action": "TriggerAnimation",
            "File": "cutie.motion3.json",
            "Folder": "",
            "Position": {
                "X": 0.0,
                "Y": 0.0,
                "Z": 0.0,
                "Rotation": 0.0
            },
            "ColorOverlay": {
                "On": false,
                "IsStaticColor": false,
                "Display": -1,
                "WindowName": "",
                "IncludeLeft": false,
                "IncludeMid": false,
                "IncludeRight": false,
                "BaseValue": 0,
                "OverlayValue": 0,
                "Smoothing": 0,
                "IncludeItems": false,
                "StaticColor": {
                    "r": 0.0,
                    "g": 0.0,
                    "b": 0.0,
                    "a": 1.0
                }
            },
            "ColorScreenMultiplyPreset": {
                "ArtMeshMultiplyAndScreenColors": []
            },
            "HandGestureSettings": {
                "GestureLeft": "",
                "GestureRight": "",
                "GestureCombinator": "AND",
                "AllowMirroredGesture": false,
                "DeactivateExpWhenGestureNotDetected": false,
                "SecondsUntilDetection": 0.5,
                "SecondsDetected": 0.0,
                "PercentDetected": 0.0
            },
            "LoadModelSettings": {
                "LoadAtCurrentPosition": true
            },
            "TwitchTriggers": {
                "Active": false,
                "CooldownActive": false,
                "CooldownSeconds": 30.0,
                "ResetActive": false,
                "HideModelResetDialog": false,
                "Active_GiftSubTrigger": false,
                "Active_BitTrigger": false,
                "Active_RedeemTrigger": false,
                "Active_TextCommandTrigger": false,
                "Active_SubTrigger": false,
                "Active_FollowTrigger": false,
                "Active_RaidTrigger": false,
                "Active_ShoutoutTrigger": false,
                "Active_AdbreakTrigger": false,
                "Trigger_TextCommandTrigger": "",
                "Trigger_Redeem_Name": "",
                "Trigger_Redeem_ID": "",
                "UseTextTriggerUserTypeRestriction": false,
                "RestrictTextTriggerTo": {
                    "Allowed_You": true,
                    "Allowed_Subs": false,
                    "Allowed_Mods": false,
                    "Allowed_VIPs": false,
                    "Allowed_Artists": false,
                    "Allowed_UserNames": false,
                    "UserNames": [],
                    "Allowed_UserIDs": false,
                    "UserIDs": []
                },
                "AllowRepeatedFollow": false,
                "Trigger_GiftSubTrigger": {
                    "Min": 1.0,
                    "Max": 100.0
                },
                "Trigger_BitTrigger": {
                    "Min": 100.0,
                    "Max": 3000.0
                }
            },
            "Triggers": {
                "Trigger1": "Tab",
                "Trigger2": "N1",
                "Trigger3": "",
                "ScreenButton": -1
            },
            "IsGlobal": true,
            "IsActive": true,
            "Minimized": false,
            "StopsOnLastFrame": false,
            "DeactivateAfterKeyUp": false,
            "OnlyLoadOneRandomItem": false,
            "DeactivateAfterSeconds": false,
            "DeactivateAfterSecondsAmount": 10.0,
            "FadeSecondsAmount": 2.0,
            "OnScreenHotkeyColor": {
                "r": 1.0,
                "g": 1.0,
                "b": 1.0,
                "a": 1.0
            }
        },
        {
            "HotkeyID": "1867e46b9169458f91de248a64f2fba3",
            "Name": "",
            "Action": "TriggerAnimation",
            "File": "DANCE.motion3.json",
            "Folder": "",
            "Position": {
                "X": 0.0,
                "Y": 0.0,
                "Z": 0.0,
                "Rotation": 0.0
            },
            "ColorOverlay": {
                "On": false,
                "IsStaticColor": false,
                "Display": -1,
                "WindowName": "",
                "IncludeLeft": false,
                "IncludeMid": false,
                "IncludeRight": false,
                "BaseValue": 0,
                "OverlayValue": 0,
                "Smoothing": 0,
                "IncludeItems": false,
                "StaticColor": {
                    "r": 0.0,
                    "g": 0.0,
                    "b": 0.0,
                    "a": 1.0
                }
            },
            "ColorScreenMultiplyPreset": {
                "ArtMeshMultiplyAndScreenColors": []
            },
            "HandGestureSettings": {
                "GestureLeft": "",
                "GestureRight": "",
                "GestureCombinator": "AND",
                "AllowMirroredGesture": false,
                "DeactivateExpWhenGestureNotDetected": false,
                "SecondsUntilDetection": 0.5,
                "SecondsDetected": 0.0,
                "PercentDetected": 0.0
            },
            "LoadModelSettings": {
                "LoadAtCurrentPosition": true
            },
            "TwitchTriggers": {
                "Active": false,
                "CooldownActive": false,
                "CooldownSeconds": 30.0,
                "ResetActive": false,
                "HideModelResetDialog": false,
                "Active_GiftSubTrigger": false,
                "Active_BitTrigger": false,
                "Active_RedeemTrigger": false,
                "Active_TextCommandTrigger": false,
                "Active_SubTrigger": false,
                "Active_FollowTrigger": false,
                "Active_RaidTrigger": false,
                "Active_ShoutoutTrigger": false,
                "Active_AdbreakTrigger": false,
                "Trigger_TextCommandTrigger": "",
                "Trigger_Redeem_Name": "",
                "Trigger_Redeem_ID": "",
                "UseTextTriggerUserTypeRestriction": false,
                "RestrictTextTriggerTo": {
                    "Allowed_You": true,
                    "Allowed_Subs": false,
                    "Allowed_Mods": false,
                    "Allowed_VIPs": false,
                    "Allowed_Artists": false,
                    "Allowed_UserNames": false,
                    "UserNames": [],
                    "Allowed_UserIDs": false,
                    "UserIDs": []
                },
                "AllowRepeatedFollow": false,
                "Trigger_GiftSubTrigger": {
                    "Min": 1.0,
                    "Max": 100.0
                },
                "Trigger_BitTrigger": {
                    "Min": 100.0,
                    "Max": 3000.0
                }
            },
            "Triggers": {
                "Trigger1": "Tab",
                "Trigger2": "N5",
                "Trigger3": "",
                "ScreenButton": -1
            },
            "IsGlobal": true,
            "IsActive": true,
            "Minimized": false,
            "StopsOnLastFrame": false,
            "DeactivateAfterKeyUp": false,
            "OnlyLoadOneRandomItem": false,
            "DeactivateAfterSeconds": false,
            "DeactivateAfterSecondsAmount": 10.0,
            "FadeSecondsAmount": 2.0,
            "OnScreenHotkeyColor": {
                "r": 0.0,
                "g": 1.0,
                "b": 0.1336650848388672,
                "a": 1.0
            }
        },
        {
            "HotkeyID": "6fbb942036284471a5a885780549c29e",
            "Name": "",
            "Action": "TriggerAnimation",
            "File": "yippee dance.motion3.json",
            "Folder": "",
            "Position": {
                "X": 0.0,
                "Y": 0.0,
                "Z": 0.0,
                "Rotation": 0.0
            },
            "ColorOverlay": {
                "On": false,
                "IsStaticColor": false,
                "Display": -1,
                "WindowName": "",
                "IncludeLeft": false,
                "IncludeMid": false,
                "IncludeRight": false,
                "BaseValue": 0,
                "OverlayValue": 0,
                "Smoothing": 0,
                "IncludeItems": false,
                "StaticColor": {
                    "r": 0.0,
                    "g": 0.0,
                    "b": 0.0,
                    "a": 1.0
                }
            },
            "ColorScreenMultiplyPreset": {
                "ArtMeshMultiplyAndScreenColors": []
            },
            "HandGestureSettings": {
                "GestureLeft": "",
                "GestureRight": "",
                "GestureCombinator": "AND",
                "AllowMirroredGesture": false,
                "DeactivateExpWhenGestureNotDetected": false,
                "SecondsUntilDetection": 0.5,
                "SecondsDetected": 0.0,
                "PercentDetected": 0.0
            },
            "LoadModelSettings": {
                "LoadAtCurrentPosition": true
            },
            "TwitchTriggers": {
                "Active": false,
                "CooldownActive": false,
                "CooldownSeconds": 30.0,
                "ResetActive": false,
                "HideModelResetDialog": false,
                "Active_GiftSubTrigger": false,
                "Active_BitTrigger": false,
                "Active_RedeemTrigger": false,
                "Active_TextCommandTrigger": false,
                "Active_SubTrigger": false,
                "Active_FollowTrigger": false,
                "Active_RaidTrigger": false,
                "Active_ShoutoutTrigger": false,
                "Active_AdbreakTrigger": false,
                "Trigger_TextCommandTrigger": "",
                "Trigger_Redeem_Name": "",
                "Trigger_Redeem_ID": "",
                "UseTextTriggerUserTypeRestriction": false,
                "RestrictTextTriggerTo": {
                    "Allowed_You": true,
                    "Allowed_Subs": false,
                    "Allowed_Mods": false,
                    "Allowed_VIPs": false,
                    "Allowed_Artists": false,
                    "Allowed_UserNames": false,
                    "UserNames": [],
                    "Allowed_UserIDs": false,
                    "UserIDs": []
                },
                "AllowRepeatedFollow": false,
                "Trigger_GiftSubTrigger": {
                    "Min": 1.0,
                    "Max": 100.0
                },
                "Trigger_BitTrigger": {
                    "Min": 100.0,
                    "Max": 3000.0
                }
            },
            "Triggers": {
                "Trigger1": "",
                "Trigger2": "",
                "Trigger3": "",
                "ScreenButton": -1
            },
            "IsGlobal": true,
            "IsActive": true,
            "Minimized": false,
            "StopsOnLastFrame": false,
            "DeactivateAfterKeyUp": false,
            "OnlyLoadOneRandomItem": false,
            "DeactivateAfterSeconds": false,
            "DeactivateAfterSecondsAmount": 10.0,
            "FadeSecondsAmount": 2.0,
            "OnScreenHotkeyColor": {
                "r": 1.0,
                "g": 1.0,
                "b": 1.0,
                "a": 1.0
            }
        },
        {
            "HotkeyID": "1d9306f277d24b238a14b28e6de0db29",
            "Name": "",
            "Action": "TriggerAnimation",
            "File": "erm.motion3.json",
            "Folder": "",
            "Position": {
                "X": 0.0,
                "Y": 0.0,
                "Z": 0.0,
                "Rotation": 0.0
            },
            "ColorOverlay": {
                "On": false,
                "IsStaticColor": false,
                "Display": -1,
                "WindowName": "",
                "IncludeLeft": false,
                "IncludeMid": false,
                "IncludeRight": false,
                "BaseValue": 0,
                "OverlayValue": 0,
                "Smoothing": 0,
                "IncludeItems": false,
                "StaticColor": {
                    "r": 0.0,
                    "g": 0.0,
                    "b": 0.0,
                    "a": 1.0
                }
            },
            "ColorScreenMultiplyPreset": {
                "ArtMeshMultiplyAndScreenColors": []
            },
            "HandGestureSettings": {
                "GestureLeft": "",
                "GestureRight": "",
                "GestureCombinator": "AND",
                "AllowMirroredGesture": false,
                "DeactivateExpWhenGestureNotDetected": false,
                "SecondsUntilDetection": 0.5,
                "SecondsDetected": 0.0,
                "PercentDetected": 0.0
            },
            "LoadModelSettings": {
                "LoadAtCurrentPosition": true
            },
            "TwitchTriggers": {
                "Active": false,
                "CooldownActive": false,
                "CooldownSeconds": 30.0,
                "ResetActive": false,
                "HideModelResetDialog": false,
                "Active_GiftSubTrigger": false,
                "Active_BitTrigger": false,
                "Active_RedeemTrigger": false,
                "Active_TextCommandTrigger": false,
                "Active_SubTrigger": false,
                "Active_FollowTrigger": false,
                "Active_RaidTrigger": false,
                "Active_ShoutoutTrigger": false,
                "Active_AdbreakTrigger": false,
                "Trigger_TextCommandTrigger": "",
                "Trigger_Redeem_Name": "",
                "Trigger_Redeem_ID": "",
                "UseTextTriggerUserTypeRestriction": false,
                "RestrictTextTriggerTo": {
                    "Allowed_You": true,
                    "Allowed_Subs": false,
                    "Allowed_Mods": false,
                    "Allowed_VIPs": false,
                    "Allowed_Artists": false,
                    "Allowed_UserNames": false,
                    "UserNames": [],
                    "Allowed_UserIDs": false,
                    "UserIDs": []
                },
                "AllowRepeatedFollow": false,
                "Trigger_GiftSubTrigger": {
                    "Min": 1.0,
                    "Max": 100.0
                },
                "Trigger_BitTrigger": {
                    "Min": 100.0,
                    "Max": 3000.0
                }
            },
            "Triggers": {
                "Trigger1": "Tab",
                "Trigger2": "N4",
                "Trigger3": "",
                "ScreenButton": -1
            },
            "IsGlobal": true,
            "IsActive": true,
            "Minimized": false,
            "StopsOnLastFrame": false,
            "DeactivateAfterKeyUp": false,
            "OnlyLoadOneRandomItem": false,
            "DeactivateAfterSeconds": false,
            "DeactivateAfterSecondsAmount": 10.0,
            "FadeSecondsAmount": 2.0,
            "OnScreenHotkeyColor": {
                "r": 1.0,
                "g": 1.0,
                "b": 1.0,
                "a": 1.0
            }
        },
        {
            "HotkeyID": "0c8043d0edc94f878e51294590cf608c",
            "Name": "",
            "Action": "TriggerAnimation",
            "File": "hehe.motion3.json",
            "Folder": "",
            "Position": {
                "X": 0.0,
                "Y": 0.0,
                "Z": 0.0,
                "Rotation": 0.0
            },
            "ColorOverlay": {
                "On": false,
                "IsStaticColor": false,
                "Display": -1,
                "WindowName": "",
                "IncludeLeft": false,
                "IncludeMid": false,
                "IncludeRight": false,
                "BaseValue": 0,
                "OverlayValue": 0,
                "Smoothing": 0,
                "IncludeItems": false,
                "StaticColor": {
                    "r": 0.0,
                    "g": 0.0,
                    "b": 0.0,
                    "a": 1.0
                }
            },
            "ColorScreenMultiplyPreset": {
                "ArtMeshMultiplyAndScreenColors": []
            },
            "HandGestureSettings": {
                "GestureLeft": "",
                "GestureRight": "",
                "GestureCombinator": "AND",
                "AllowMirroredGesture": false,
                "DeactivateExpWhenGestureNotDetected": false,
                "SecondsUntilDetection": 0.5,
                "SecondsDetected": 0.0,
                "PercentDetected": 0.0
            },
            "LoadModelSettings": {
                "LoadAtCurrentPosition": true
            },
            "TwitchTriggers": {
                "Active": false,
                "CooldownActive": false,
                "CooldownSeconds": 30.0,
                "ResetActive": false,
                "HideModelResetDialog": false,
                "Active_GiftSubTrigger": false,
                "Active_BitTrigger": false,
                "Active_RedeemTrigger": false,
                "Active_TextCommandTrigger": false,
                "Active_SubTrigger": false,
                "Active_FollowTrigger": false,
                "Active_RaidTrigger": false,
                "Active_ShoutoutTrigger": false,
                "Active_AdbreakTrigger": false,
                "Trigger_TextCommandTrigger": "",
                "Trigger_Redeem_Name": "",
                "Trigger_Redeem_ID": "",
                "UseTextTriggerUserTypeRestriction": false,
                "RestrictTextTriggerTo": {
                    "Allowed_You": true,
                    "Allowed_Subs": false,
                    "Allowed_Mods": false,
                    "Allowed_VIPs": false,
                    "Allowed_Artists": false,
                    "Allowed_UserNames": false,
                    "UserNames": [],
                    "Allowed_UserIDs": false,
                    "UserIDs": []
                },
                "AllowRepeatedFollow": false,
                "Trigger_GiftSubTrigger": {
                    "Min": 1.0,
                    "Max": 100.0
                },
                "Trigger_BitTrigger": {
                    "Min": 100.0,
                    "Max": 3000.0
                }
            },
            "Triggers": {
                "Trigger1": "Tab",
                "Trigger2": "N3",
                "Trigger3": "",
                "ScreenButton": -1
            },
            "IsGlobal": true,
            "IsActive": true,
            "Minimized": false,
            "StopsOnLastFrame": false,
            "DeactivateAfterKeyUp": false,
            "OnlyLoadOneRandomItem": false,
            "DeactivateAfterSeconds": false,
            "DeactivateAfterSecondsAmount": 10.0,
            "FadeSecondsAmount": 2.0,
            "OnScreenHotkeyColor": {
                "r": 1.0,
                "g": 1.0,
                "b": 1.0,
                "a": 1.0
            }
        },
        {
            "HotkeyID": "0b4b15435b1444128aa819b358f985f5",
            "Name": "",
            "Action": "TriggerAnimation",
            "File": "ok bru.motion3.json",
            "Folder": "",
            "Position": {
                "X": 0.0,
                "Y": 0.0,
                "Z": 0.0,
                "Rotation": 0.0
            },
            "ColorOverlay": {
                "On": false,
                "IsStaticColor": false,
                "Display": -1,
                "WindowName": "",
                "IncludeLeft": false,
                "IncludeMid": false,
                "IncludeRight": false,
                "BaseValue": 0,
                "OverlayValue": 0,
                "Smoothing": 0,
                "IncludeItems": false,
                "StaticColor": {
                    "r": 0.0,
                    "g": 0.0,
                    "b": 0.0,
                    "a": 1.0
                }
            },
            "ColorScreenMultiplyPreset": {
                "ArtMeshMultiplyAndScreenColors": []
            },
            "HandGestureSettings": {
                "GestureLeft": "",
                "GestureRight": "",
                "GestureCombinator": "AND",
                "AllowMirroredGesture": false,
                "DeactivateExpWhenGestureNotDetected": false,
                "SecondsUntilDetection": 0.5,
                "SecondsDetected": 0.0,
                "PercentDetected": 0.0
            },
            "LoadModelSettings": {
                "LoadAtCurrentPosition": true
            },
            "TwitchTriggers": {
                "Active": false,
                "CooldownActive": false,
                "CooldownSeconds": 30.0,
                "ResetActive": false,
                "HideModelResetDialog": false,
                "Active_GiftSubTrigger": false,
                "Active_BitTrigger": false,
                "Active_RedeemTrigger": false,
                "Active_TextCommandTrigger": false,
                "Active_SubTrigger": false,
                "Active_FollowTrigger": false,
                "Active_RaidTrigger": false,
                "Active_ShoutoutTrigger": false,
                "Active_AdbreakTrigger": false,
                "Trigger_TextCommandTrigger": "",
                "Trigger_Redeem_Name": "",
                "Trigger_Redeem_ID": "",
                "UseTextTriggerUserTypeRestriction": false,
                "RestrictTextTriggerTo": {
                    "Allowed_You": true,
                    "Allowed_Subs": false,
                    "Allowed_Mods": false,
                    "Allowed_VIPs": false,
                    "Allowed_Artists": false,
                    "Allowed_UserNames": false,
                    "UserNames": [],
                    "Allowed_UserIDs": false,
                    "UserIDs": []
                },
                "AllowRepeatedFollow": false,
                "Trigger_GiftSubTrigger": {
                    "Min": 1.0,
                    "Max": 100.0
                },
                "Trigger_BitTrigger": {
                    "Min": 100.0,
                    "Max": 3000.0
                }
            },
            "Triggers": {
                "Trigger1": "Tab",
                "Trigger2": "N7",
                "Trigger3": "",
                "ScreenButton": -1
            },
            "IsGlobal": true,
            "IsActive": true,
            "Minimized": false,
            "StopsOnLastFrame": false,
            "DeactivateAfterKeyUp": false,
            "OnlyLoadOneRandomItem": false,
            "DeactivateAfterSeconds": false,
            "DeactivateAfterSecondsAmount": 10.0,
            "FadeSecondsAmount": 0.5,
            "OnScreenHotkeyColor": {
                "r": 1.0,
                "g": 1.0,
                "b": 1.0,
                "a": 1.0
            }
        },
        {
            "HotkeyID": "070d12fd251140b488419d2831849aef",
            "Name": "",
            "Action": "TriggerAnimation",
            "File": "Yeesss.motion3.json",
            "Folder": "",
            "Position": {
                "X": 0.0,
                "Y": 0.0,
                "Z": 0.0,
                "Rotation": 0.0
            },
            "ColorOverlay": {
                "On": false,
                "IsStaticColor": false,
                "Display": -1,
                "WindowName": "",
                "IncludeLeft": false,
                "IncludeMid": false,
                "IncludeRight": false,
                "BaseValue": 0,
                "OverlayValue": 0,
                "Smoothing": 0,
                "IncludeItems": false,
                "StaticColor": {
                    "r": 0.0,
                    "g": 0.0,
                    "b": 0.0,
                    "a": 1.0
                }
            },
            "ColorScreenMultiplyPreset": {
                "ArtMeshMultiplyAndScreenColors": []
            },
            "HandGestureSettings": {
                "GestureLeft": "",
                "GestureRight": "",
                "GestureCombinator": "AND",
                "AllowMirroredGesture": false,
                "DeactivateExpWhenGestureNotDetected": false,
                "SecondsUntilDetection": 0.5,
                "SecondsDetected": 0.0,
                "PercentDetected": 0.0
            },
            "LoadModelSettings": {
                "LoadAtCurrentPosition": true
            },
            "TwitchTriggers": {
                "Active": false,
                "CooldownActive": false,
                "CooldownSeconds": 30.0,
                "ResetActive": false,
                "HideModelResetDialog": false,
                "Active_GiftSubTrigger": false,
                "Active_BitTrigger": false,
                "Active_RedeemTrigger": false,
                "Active_TextCommandTrigger": false,
                "Active_SubTrigger": false,
                "Active_FollowTrigger": false,
                "Active_RaidTrigger": false,
                "Active_ShoutoutTrigger": false,
                "Active_AdbreakTrigger": false,
                "Trigger_TextCommandTrigger": "",
                "Trigger_Redeem_Name": "",
                "Trigger_Redeem_ID": "",
                "UseTextTriggerUserTypeRestriction": false,
                "RestrictTextTriggerTo": {
                    "Allowed_You": true,
                    "Allowed_Subs": false,
                    "Allowed_Mods": false,
                    "Allowed_VIPs": false,
                    "Allowed_Artists": false,
                    "Allowed_UserNames": false,
                    "UserNames": [],
                    "Allowed_UserIDs": false,
                    "UserIDs": []
                },
                "AllowRepeatedFollow": false,
                "Trigger_GiftSubTrigger": {
                    "Min": 1.0,
                    "Max": 100.0
                },
                "Trigger_BitTrigger": {
                    "Min": 100.0,
                    "Max": 3000.0
                }
            },
            "Triggers": {
                "Trigger1": "Tab",
                "Trigger2": "N6",
                "Trigger3": "",
                "ScreenButton": -1
            },
            "IsGlobal": true,
            "IsActive": true,
            "Minimized": false,
            "StopsOnLastFrame": false,
            "DeactivateAfterKeyUp": false,
            "OnlyLoadOneRandomItem": false,
            "DeactivateAfterSeconds": false,
            "DeactivateAfterSecondsAmount": 10.0,
            "FadeSecondsAmount": 0.5,
            "OnScreenHotkeyColor": {
                "r": 1.0,
                "g": 1.0,
                "b": 1.0,
                "a": 1.0
            }
        },
        {
            "HotkeyID": "25ccdea219f34a0ab45ce043a413c043",
            "Name": "",
            "Action": "TriggerAnimation",
            "File": "EEEEE.motion3.json",
            "Folder": "",
            "Position": {
                "X": 0.0,
                "Y": 0.0,
                "Z": 0.0,
                "Rotation": 0.0
            },
            "ColorOverlay": {
                "On": false,
                "IsStaticColor": false,
                "Display": -1,
                "WindowName": "",
                "IncludeLeft": false,
                "IncludeMid": false,
                "IncludeRight": false,
                "BaseValue": 0,
                "OverlayValue": 0,
                "Smoothing": 0,
                "IncludeItems": false,
                "StaticColor": {
                    "r": 0.0,
                    "g": 0.0,
                    "b": 0.0,
                    "a": 1.0
                }
            },
            "ColorScreenMultiplyPreset": {
                "ArtMeshMultiplyAndScreenColors": []
            },
            "HandGestureSettings": {
                "GestureLeft": "",
                "GestureRight": "",
                "GestureCombinator": "AND",
                "AllowMirroredGesture": false,
                "DeactivateExpWhenGestureNotDetected": false,
                "SecondsUntilDetection": 0.5,
                "SecondsDetected": 0.0,
                "PercentDetected": 0.0
            },
            "LoadModelSettings": {
                "LoadAtCurrentPosition": true
            },
            "TwitchTriggers": {
                "Active": false,
                "CooldownActive": false,
                "CooldownSeconds": 30.0,
                "ResetActive": false,
                "HideModelResetDialog": false,
                "Active_GiftSubTrigger": false,
                "Active_BitTrigger": false,
                "Active_RedeemTrigger": false,
                "Active_TextCommandTrigger": false,
                "Active_SubTrigger": false,
                "Active_FollowTrigger": false,
                "Active_RaidTrigger": false,
                "Active_ShoutoutTrigger": false,
                "Active_AdbreakTrigger": false,
                "Trigger_TextCommandTrigger": "",
                "Trigger_Redeem_Name": "",
                "Trigger_Redeem_ID": "",
                "UseTextTriggerUserTypeRestriction": false,
                "RestrictTextTriggerTo": {
                    "Allowed_You": true,
                    "Allowed_Subs": false,
                    "Allowed_Mods": false,
                    "Allowed_VIPs": false,
                    "Allowed_Artists": false,
                    "Allowed_UserNames": false,
                    "UserNames": [],
                    "Allowed_UserIDs": false,
                    "UserIDs": []
                },
                "AllowRepeatedFollow": false,
                "Trigger_GiftSubTrigger": {
                    "Min": 1.0,
                    "Max": 100.0
                },
                "Trigger_BitTrigger": {
                    "Min": 100.0,
                    "Max": 3000.0
                }
            },
            "Triggers": {
                "Trigger1": "Tab",
                "Trigger2": "N2",
                "Trigger3": "",
                "ScreenButton": -1
            },
            "IsGlobal": true,
            "IsActive": true,
            "Minimized": false,
            "StopsOnLastFrame": false,
            "DeactivateAfterKeyUp": false,
            "OnlyLoadOneRandomItem": false,
            "DeactivateAfterSeconds": false,
            "DeactivateAfterSecondsAmount": 10.0,
            "FadeSecondsAmount": 0.5,
            "OnScreenHotkeyColor": {
                "r": 1.0,
                "g": 1.0,
                "b": 1.0,
                "a": 1.0
            }
        },
        {
            "HotkeyID": "c34042daf6b34892a23b978719f2b8dd",
            "Name": "",
            "Action": "",
            "File": "",
            "Folder": "",
            "Position": {
                "X": 0.0,
                "Y": 0.0,
                "Z": 0.0,
                "Rotation": 0.0
            },
            "ColorOverlay": {
                "On": false,
                "IsStaticColor": false,
                "Display": -1,
                "WindowName": "",
                "IncludeLeft": false,
                "IncludeMid": false,
                "IncludeRight": false,
                "BaseValue": 0,
                "OverlayValue": 0,
                "Smoothing": 0,
                "IncludeItems": false,
                "StaticColor": {
                    "r": 0.0,
                    "g": 0.0,
                    "b": 0.0,
                    "a": 1.0
                }
            },
            "ColorScreenMultiplyPreset": {
                "ArtMeshMultiplyAndScreenColors": []
            },
            "HandGestureSettings": {
                "GestureLeft": "",
                "GestureRight": "",
                "GestureCombinator": "AND",
                "AllowMirroredGesture": false,
                "DeactivateExpWhenGestureNotDetected": false,
                "SecondsUntilDetection": 0.5,
                "SecondsDetected": 0.0,
                "PercentDetected": 0.0
            },
            "LoadModelSettings": {
                "LoadAtCurrentPosition": true
            },
            "TwitchTriggers": {
                "Active": false,
                "CooldownActive": false,
                "CooldownSeconds": 30.0,
                "ResetActive": false,
                "HideModelResetDialog": false,
                "Active_GiftSubTrigger": false,
                "Active_BitTrigger": false,
                "Active_RedeemTrigger": false,
                "Active_TextCommandTrigger": false,
                "Active_SubTrigger": false,
                "Active_FollowTrigger": false,
                "Active_RaidTrigger": false,
                "Active_ShoutoutTrigger": false,
                "Active_AdbreakTrigger": false,
                "Trigger_TextCommandTrigger": "",
                "Trigger_Redeem_Name": "",
                "Trigger_Redeem_ID": "",
                "UseTextTriggerUserTypeRestriction": false,
                "RestrictTextTriggerTo": {
                    "Allowed_You": true,
                    "Allowed_Subs": false,
                    "Allowed_Mods": false,
                    "Allowed_VIPs": false,
                    "Allowed_Artists": false,
                    "Allowed_UserNames": false,
                    "UserNames": [],
                    "Allowed_UserIDs": false,
                    "UserIDs": []
                },
                "AllowRepeatedFollow": false,
                "Trigger_GiftSubTrigger": {
                    "Min": 1.0,
                    "Max": 100.0
                },
                "Trigger_BitTrigger": {
                    "Min": 100.0,
                    "Max": 3000.0
                }
            },
            "Triggers": {
                "Trigger1": "",
                "Trigger2": "",
                "Trigger3": "",
                "ScreenButton": -1
            },
            "IsGlobal": true,
            "IsActive": true,
            "Minimized": false,
            "StopsOnLastFrame": false,
            "DeactivateAfterKeyUp": false,
            "OnlyLoadOneRandomItem": false,
            "DeactivateAfterSeconds": false,
            "DeactivateAfterSecondsAmount": 10.0,
            "FadeSecondsAmount": 0.5,
            "OnScreenHotkeyColor": {
                "r": 1.0,
                "g": 1.0,
                "b": 1.0,
                "a": 1.0
            }
        },
        {
            "HotkeyID": "f05911630c1d4a89b13106adfd27d1a2",
            "Name": "",
            "Action": "",
            "File": "",
            "Folder": "",
            "Position": {
                "X": 0.0,
                "Y": 0.0,
                "Z": 0.0,
                "Rotation": 0.0
            },
            "ColorOverlay": {
                "On": false,
                "IsStaticColor": false,
                "Display": -1,
                "WindowName": "",
                "IncludeLeft": false,
                "IncludeMid": false,
                "IncludeRight": false,
                "BaseValue": 0,
                "OverlayValue": 0,
                "Smoothing": 0,
                "IncludeItems": false,
                "StaticColor": {
                    "r": 0.0,
                    "g": 0.0,
                    "b": 0.0,
                    "a": 1.0
                }
            },
            "ColorScreenMultiplyPreset": {
                "ArtMeshMultiplyAndScreenColors": []
            },
            "HandGestureSettings": {
                "GestureLeft": "",
                "GestureRight": "",
                "GestureCombinator": "AND",
                "AllowMirroredGesture": false,
                "DeactivateExpWhenGestureNotDetected": false,
                "SecondsUntilDetection": 0.5,
                "SecondsDetected": 0.0,
                "PercentDetected": 0.0
            },
            "LoadModelSettings": {
                "LoadAtCurrentPosition": true
            },
            "TwitchTriggers": {
                "Active": false,
                "CooldownActive": false,
                "CooldownSeconds": 30.0,
                "ResetActive": false,
                "HideModelResetDialog": false,
                "Active_GiftSubTrigger": false,
                "Active_BitTrigger": false,
                "Active_RedeemTrigger": false,
                "Active_TextCommandTrigger": false,
                "Active_SubTrigger": false,
                "Active_FollowTrigger": false,
                "Active_RaidTrigger": false,
                "Active_ShoutoutTrigger": false,
                "Active_AdbreakTrigger": false,
                "Trigger_TextCommandTrigger": "",
                "Trigger_Redeem_Name": "",
                "Trigger_Redeem_ID": "",
                "UseTextTriggerUserTypeRestriction": false,
                "RestrictTextTriggerTo": {
                    "Allowed_You": true,
                    "Allowed_Subs": false,
                    "Allowed_Mods": false,
                    "Allowed_VIPs": false,
                    "Allowed_Artists": false,
                    "Allowed_UserNames": false,
                    "UserNames": [],
                    "Allowed_UserIDs": false,
                    "UserIDs": []
                },
                "AllowRepeatedFollow": false,
                "Trigger_GiftSubTrigger": {
                    "Min": 1.0,
                    "Max": 100.0
                },
                "Trigger_BitTrigger": {
                    "Min": 100.0,
                    "Max": 3000.0
                }
            },
            "Triggers": {
                "Trigger1": "",
                "Trigger2": "",
                "Trigger3": "",
                "ScreenButton": -1
            },
            "IsGlobal": true,
            "IsActive": true,
            "Minimized": false,
            "StopsOnLastFrame": false,
            "DeactivateAfterKeyUp": false,
            "OnlyLoadOneRandomItem": false,
            "DeactivateAfterSeconds": false,
            "DeactivateAfterSecondsAmount": 10.0,
            "FadeSecondsAmount": 0.5,
            "OnScreenHotkeyColor": {
                "r": 1.0,
                "g": 1.0,
                "b": 1.0,
                "a": 1.0
            }
        }
    ],
    "HotkeySettings": {
        "UseOnScreenHotkeys": false,
        "UseKeyboardHotkeys": true,
        "SendOnScreenHotkeysToPC": true,
        "OnScreenHotkeyAlpha": 75
    },
    "ArtMeshDetails": {
        "ArtMeshesExcludedFromPinning": [],
        "ArtMeshesThatDeleteItemsOnDrop": [],
        "ArtMeshSceneLightingMultipliers": [],
        "ArtMeshMultiplyAndScreenColors": []
    },
    "ParameterCustomization": {
        "ParametersExcludedFromVNetSmoothing": []
    },
    "PhysicsCustomizationSettings": {
        "PhysicsMultipliersPerPhysicsGroup": [],
        "WindMultipliersPerPhysicsGroup": [],
        "DraggingPhysicsMultipliersPerPhysicsGroup": []
    },
    "FolderInfo": {
        "HotkeyFolders": [],
        "ConfigItemFolders": []
    },
    "SavedActiveExpressions": []
}