{
	"Version": 3,
	"Meta": {
		"Duration": 7.323,
		"Fps": 31.00005340576172,
		"Loop": true,
		"AreBeziersRestricted": true,
		"CurveCount": 27,
		"TotalSegmentCount": 290,
		"TotalPointCount": 497,
		"UserDataCount": 0,
		"TotalUserDataSize": 0
	},
	"Curves": [
		{
			"Target": "Parameter",
			"Id": "ParamAngleX",
			"Segments": [
				0,
				0,
				1,
				0.086,
				0,
				0.172,
				-3.561,
				0.258,
				-3.561,
				1,
				0.333,
				-3.561,
				0.409,
				0.412,
				0.484,
				2,
				1,
				0.914,
				11.076,
				1.344,
				14.48,
				1.774,
				14.48,
				1,
				2.183,
				14.48,
				2.591,
				-3.561,
				3,
				-3.561,
				1,
				3.108,
				-3.561,
				3.215,
				3.402,
				3.323,
				8,
				1,
				3.495,
				13.975,
				3.667,
				17,
				3.839,
				17,
				1,
				4.065,
				17,
				4.29,
				18.267,
				4.516,
				2,
				1,
				4.72,
				-12.717,
				4.925,
				-19.376,
				5.129,
				-19.376,
				1,
				5.226,
				-19.376,
				5.323,
				-17.882,
				5.419,
				-13.962,
				1,
				5.731,
				2.466,
				6.043,
				5.511,
				6.355,
				5.511,
				1,
				6.677,
				5.511,
				7,
				0,
				7.323,
				0
			]
		},
		{
			"Target": "Parameter",
			"Id": "ParamAngleY",
			"Segments": [
				0,
				0,
				1,
				0.161,
				0,
				0.323,
				2,
				0.484,
				2,
				1,
				0.871,
				2,
				1.258,
				1.089,
				1.645,
				-2.6,
				1,
				1.871,
				-3.495,
				2.097,
				-7.703,
				2.323,
				-7.604,
				1,
				2.57,
				-7.604,
				2.817,
				-5.44,
				3.065,
				-5.44,
				1,
				3.226,
				-5.44,
				3.387,
				-2.6,
				3.548,
				-2.6,
				1,
				3.742,
				-3.449,
				3.935,
				-1.678,
				4.129,
				-3.136,
				1,
				4.29,
				-3.136,
				4.452,
				-1.9,
				4.613,
				-1.348,
				1,
				4.828,
				2.104,
				5.043,
				2.181,
				5.258,
				2,
				1,
				5.419,
				2,
				5.581,
				1.353,
				5.742,
				0,
				1,
				5.946,
				-1.714,
				6.151,
				-2.6,
				6.355,
				-2.6,
				1,
				6.677,
				-2.6,
				7,
				0,
				7.323,
				0
			]
		},
		{
			"Target": "Parameter",
			"Id": "ParamAngleZ",
			"Segments": [
				0,
				0,
				1,
				0.161,
				0,
				0.323,
				-10,
				0.484,
				-10,
				1,
				0.957,
				-10,
				1.43,
				-3,
				1.903,
				-3,
				0,
				2,
				-3,
				0,
				3.065,
				-3,
				1,
				3.183,
				-3,
				3.301,
				9.111,
				3.419,
				9.111,
				1,
				3.72,
				9.111,
				4.021,
				-12.956,
				4.323,
				-19,
				1,
				4.505,
				-22.669,
				4.688,
				-22.463,
				4.871,
				-24.641,
				1,
				4.989,
				-26.051,
				5.108,
				-27.457,
				5.226,
				-27.457,
				1,
				5.29,
				-27.457,
				5.355,
				-21.58,
				5.419,
				-18,
				1,
				5.731,
				-0.696,
				6.043,
				6,
				6.355,
				6,
				1,
				6.677,
				6,
				7,
				0,
				7.323,
				0
			]
		},
		{
			"Target": "Parameter",
			"Id": "ParamEyeLOpen",
			"Segments": [
				0,
				1,
				0,
				0.452,
				0.638,
				1,
				0.935,
				0.295,
				1.419,
				0.2,
				1.903,
				0.2,
				0,
				2,
				0.2,
				0,
				3.065,
				0.2,
				0,
				3.194,
				0.255,
				1,
				3.57,
				0.724,
				3.946,
				1,
				4.323,
				1,
				0,
				4.516,
				1,
				0,
				5.323,
				1,
				0,
				5.419,
				1,
				0,
				7.323,
				1
			]
		},
		{
			"Target": "Parameter",
			"Id": "ParamEyeLSmile",
			"Segments": [
				0,
				0.416,
				0,
				0.484,
				0.3,
				0,
				1.903,
				0.3,
				0,
				2,
				0.3,
				0,
				3.065,
				0.3,
				0,
				3.161,
				0.3,
				0,
				4.323,
				0.416,
				0,
				4.516,
				0.416,
				0,
				5.323,
				0.416,
				0,
				5.419,
				0.416,
				0,
				7.323,
				0.416
			]
		},
		{
			"Target": "Parameter",
			"Id": "ParamEyeROpen",
			"Segments": [
				0,
				1,
				0,
				0.484,
				0.5,
				1,
				0.957,
				0.5,
				1.43,
				1,
				1.903,
				1,
				1,
				1.935,
				1,
				1.968,
				0.3,
				2,
				0.3,
				1,
				2.355,
				0.3,
				2.71,
				0.4,
				3.065,
				0.4,
				1,
				3.097,
				0.4,
				3.129,
				0.4,
				3.161,
				0.4,
				1,
				3.548,
				0.4,
				3.935,
				1,
				4.323,
				1,
				1,
				4.387,
				1,
				4.452,
				1,
				4.516,
				1,
				1,
				4.785,
				1,
				5.054,
				1,
				5.323,
				1,
				1,
				5.355,
				1,
				5.387,
				1,
				5.419,
				1,
				0,
				7.323,
				1
			]
		},
		{
			"Target": "Parameter",
			"Id": "ParamEyeRSmile",
			"Segments": [
				0,
				1,
				0,
				0.484,
				0.4,
				1,
				0.957,
				0.4,
				1.43,
				1,
				1.903,
				1,
				1,
				1.935,
				1,
				1.968,
				0,
				2,
				0,
				1,
				2.355,
				0,
				2.71,
				0.6,
				3.065,
				0.6,
				1,
				3.097,
				0.6,
				3.129,
				0.6,
				3.161,
				0.6,
				1,
				3.548,
				0.6,
				3.935,
				1,
				4.323,
				1,
				1,
				4.387,
				1,
				4.452,
				1,
				4.516,
				1,
				1,
				4.785,
				1,
				5.054,
				1,
				5.323,
				1,
				1,
				5.355,
				1,
				5.387,
				1,
				5.419,
				1,
				0,
				7.323,
				1
			]
		},
		{
			"Target": "Parameter",
			"Id": "ParamEyeBallX",
			"Segments": [
				0,
				0,
				0,
				0.484,
				-1,
				0,
				1.226,
				-0.5,
				0,
				1.903,
				1,
				0,
				2,
				1,
				0,
				3.065,
				-1,
				0,
				3.161,
				0.4,
				0,
				4.323,
				-1,
				0,
				4.516,
				-1,
				0,
				5.323,
				-0.8,
				0,
				5.419,
				-0.8,
				0,
				6.355,
				-1,
				1,
				6.677,
				-1,
				7,
				0,
				7.323,
				0
			]
		},
		{
			"Target": "Parameter",
			"Id": "ParamEyeBallY",
			"Segments": [
				0,
				0,
				0,
				0.484,
				-0.1,
				0,
				1.226,
				-0.4,
				0,
				1.903,
				0.1,
				0,
				2,
				0.1,
				0,
				3.065,
				-0.7,
				0,
				3.161,
				-0.2,
				0,
				4.323,
				-0.5,
				0,
				4.516,
				0.1,
				0,
				5.323,
				0.6,
				0,
				5.419,
				0.6,
				0,
				6.355,
				-0.4,
				1,
				6.677,
				-0.4,
				7,
				0,
				7.323,
				0
			]
		},
		{
			"Target": "Parameter",
			"Id": "ParamBrowRY",
			"Segments": [
				0,
				0.341,
				0,
				0.484,
				0.341,
				0,
				1.903,
				0.341,
				0,
				2,
				0.341,
				0,
				3.065,
				0.341,
				0,
				3.161,
				0.341,
				0,
				4.323,
				0.341,
				0,
				4.516,
				0.341,
				0,
				5.323,
				0.341,
				0,
				5.419,
				0.341,
				0,
				7.323,
				0.341
			]
		},
		{
			"Target": "Parameter",
			"Id": "ParamBrowLX",
			"Segments": [
				0,
				-0.111,
				2,
				0.484,
				-0.111,
				2,
				1.903,
				-0.111,
				2,
				2,
				-0.111,
				2,
				3.065,
				-0.111,
				2,
				3.161,
				-0.111,
				2,
				4.323,
				-0.111,
				2,
				4.516,
				-0.111,
				2,
				5.323,
				-0.111,
				2,
				5.419,
				-0.111,
				2,
				7.323,
				-0.111
			]
		},
		{
			"Target": "Parameter",
			"Id": "ParamBrowRX",
			"Segments": [
				0,
				-0.866,
				0,
				0.484,
				-0.866,
				0,
				1.903,
				-0.866,
				0,
				2,
				-0.866,
				0,
				3.065,
				-0.866,
				0,
				3.161,
				-0.866,
				0,
				4.323,
				-0.866,
				0,
				4.516,
				-0.866,
				0,
				5.323,
				-0.866,
				0,
				5.419,
				-0.866,
				0,
				7.323,
				-0.866
			]
		},
		{
			"Target": "Parameter",
			"Id": "ParamBrowLForm",
			"Segments": [
				0,
				-0.6,
				0,
				0.484,
				0.1,
				0,
				1.903,
				-1,
				0,
				2,
				1,
				0,
				3.065,
				0.9,
				0,
				3.161,
				-1,
				0,
				4.323,
				0.2,
				0,
				4.516,
				0.6,
				0,
				4.806,
				0,
				0,
				5.323,
				0,
				0,
				5.419,
				0.3,
				0,
				6.355,
				1,
				1,
				6.677,
				1,
				7,
				-0.6,
				7.323,
				-0.6
			]
		},
		{
			"Target": "Parameter",
			"Id": "ParamBrowLY",
			"Segments": [
				0,
				-0.6,
				0,
				0.484,
				0.4,
				0,
				1.903,
				-0.7,
				0,
				2,
				1,
				0,
				3.065,
				0.1,
				0,
				3.161,
				-1,
				0,
				4.323,
				0.6,
				0,
				4.516,
				0.1,
				0,
				4.806,
				0.3,
				0,
				5.323,
				0,
				0,
				5.419,
				-0.4,
				0,
				6.355,
				-1,
				1,
				6.677,
				-1,
				7,
				-0.6,
				7.323,
				-0.6
			]
		},
		{
			"Target": "Parameter",
			"Id": "ParamBrowRForm",
			"Segments": [
				0,
				-0.449,
				0,
				0.484,
				-0.449,
				0,
				1.903,
				-0.449,
				0,
				2,
				-0.449,
				0,
				3.065,
				-0.449,
				0,
				3.161,
				-0.449,
				0,
				4.323,
				-0.449,
				0,
				4.516,
				-0.449,
				0,
				5.323,
				-0.449,
				0,
				5.419,
				-0.449,
				0,
				7.323,
				-0.449
			]
		},
		{
			"Target": "Parameter",
			"Id": "ParamMouthForm",
			"Segments": [
				0,
				0,
				0,
				0.484,
				1,
				0,
				1.903,
				1,
				0,
				2,
				1,
				0,
				3.065,
				1,
				0,
				3.161,
				0.1,
				0,
				4.323,
				1,
				0,
				4.516,
				1,
				0,
				5.323,
				-0.2,
				0,
				5.419,
				-0.2,
				0,
				6.355,
				0.1,
				1,
				6.677,
				0.1,
				7,
				0,
				7.323,
				0
			]
		},
		{
			"Target": "Parameter",
			"Id": "ParamMouthOpenY",
			"Segments": [
				0,
				0.5,
				0,
				0.484,
				0.3,
				0,
				1.903,
				0,
				0,
				2,
				0,
				0,
				3.065,
				0,
				0,
				3.161,
				0,
				0,
				4.323,
				0,
				0,
				4.516,
				0,
				0,
				5.323,
				0.3,
				0,
				5.419,
				0.3,
				0,
				6.355,
				0,
				1,
				6.677,
				0,
				7,
				0.5,
				7.323,
				0.5
			]
		},
		{
			"Target": "Parameter",
			"Id": "Param",
			"Segments": [
				0,
				0,
				0,
				0.484,
				0,
				0,
				1.903,
				0,
				0,
				2,
				0,
				0,
				3.065,
				-0.5,
				0,
				3.161,
				-0.5,
				0,
				4.323,
				0,
				0,
				4.516,
				0,
				0,
				5.323,
				0,
				0,
				5.419,
				0,
				0,
				6.355,
				0,
				1,
				6.677,
				0,
				7,
				0,
				7.323,
				0
			]
		},
		{
			"Target": "Parameter",
			"Id": "Param2",
			"Segments": [
				0,
				0,
				0,
				0.484,
				0,
				0,
				1.903,
				0,
				0,
				2,
				0,
				0,
				3.065,
				0,
				0,
				3.161,
				0,
				0,
				4.323,
				0,
				0,
				4.516,
				0,
				0,
				5.323,
				0,
				0,
				5.419,
				0,
				0,
				7.323,
				0
			]
		},
		{
			"Target": "Parameter",
			"Id": "ParamCheek",
			"Segments": [
				0,
				0.477,
				0,
				0.484,
				0.477,
				0,
				1.903,
				0.477,
				0,
				2,
				0.477,
				0,
				3.065,
				0.477,
				0,
				3.161,
				0.477,
				0,
				4.323,
				0.477,
				0,
				4.516,
				0.477,
				0,
				5.323,
				0.477,
				0,
				5.419,
				0.477,
				0,
				7.323,
				0.477
			]
		},
		{
			"Target": "Parameter",
			"Id": "ParamBodyAngleX",
			"Segments": [
				0,
				0,
				1,
				0.161,
				0,
				0.323,
				-1,
				0.484,
				-1,
				1,
				0.968,
				-1,
				1.452,
				1.063,
				1.935,
				1.063,
				1,
				1.968,
				1.063,
				2,
				1.094,
				2.032,
				1.063,
				1,
				2.269,
				1.063,
				2.505,
				1.522,
				2.742,
				0,
				1,
				2.892,
				-0.805,
				3.043,
				-1.862,
				3.194,
				-1.862,
				1,
				3.462,
				-1.862,
				3.731,
				1.063,
				4,
				1.063,
				1,
				4.194,
				1.063,
				4.387,
				1.063,
				4.581,
				1.063,
				1,
				4.656,
				1.063,
				4.731,
				0.682,
				4.806,
				0,
				1,
				4.946,
				-1.686,
				5.086,
				-1.862,
				5.226,
				-1.862,
				1,
				5.376,
				-1.862,
				5.527,
				-1.74,
				5.677,
				-1,
				1,
				5.903,
				1.094,
				6.129,
				1.063,
				6.355,
				1.063,
				1,
				6.677,
				0.975,
				7,
				-0.256,
				7.323,
				0
			]
		},
		{
			"Target": "Parameter",
			"Id": "ParamBodyAngleY",
			"Segments": [
				0,
				0,
				0,
				0.484,
				1,
				1,
				0.957,
				1,
				1.43,
				-10,
				1.903,
				-10,
				1,
				1.935,
				-10,
				1.968,
				-10,
				2,
				-10,
				1,
				2.29,
				-10,
				2.581,
				0,
				2.871,
				0,
				1,
				2.968,
				0,
				3.065,
				-10,
				3.161,
				-10,
				1,
				3.538,
				-10,
				3.914,
				3.131,
				4.29,
				3.131,
				0,
				4.581,
				3.131,
				1,
				4.828,
				3.129,
				5.075,
				-10,
				5.323,
				-10,
				1,
				5.355,
				-10,
				5.387,
				-10,
				5.419,
				-10,
				1,
				5.731,
				-10,
				6.043,
				7,
				6.355,
				7,
				1,
				6.505,
				7,
				6.656,
				-1,
				6.806,
				-1,
				1,
				6.882,
				-1,
				6.957,
				-1,
				7.032,
				-1,
				1,
				7.129,
				-1,
				7.226,
				0,
				7.323,
				0
			]
		},
		{
			"Target": "Parameter",
			"Id": "ParamBodyAngleZ",
			"Segments": [
				0,
				0,
				1,
				0.183,
				0,
				0.366,
				-5.903,
				0.548,
				-5.903,
				1,
				0.968,
				-5.903,
				1.387,
				1.459,
				1.806,
				1.459,
				1,
				1.86,
				1.459,
				1.914,
				1.459,
				1.968,
				1.459,
				1,
				2.333,
				1.459,
				2.699,
				-10,
				3.065,
				-10,
				1,
				3.097,
				-10,
				3.129,
				-10,
				3.161,
				-10,
				1,
				3.548,
				-10,
				3.935,
				-10,
				4.323,
				-10,
				1,
				4.387,
				-10,
				4.452,
				-10,
				4.516,
				-10,
				1,
				4.688,
				-10,
				4.86,
				-5.093,
				5.032,
				-5.093,
				1,
				5.161,
				-5.093,
				5.29,
				-7,
				5.419,
				-7,
				1,
				5.731,
				-7,
				6.043,
				-7,
				6.355,
				-7,
				1,
				6.677,
				-7,
				7,
				0,
				7.323,
				0
			]
		},
		{
			"Target": "Parameter",
			"Id": "ParamBreath",
			"Segments": [
				0,
				0.5,
				0,
				0.484,
				0,
				0,
				1.903,
				0.5,
				0,
				2,
				0.5,
				0,
				3.065,
				0,
				0,
				3.161,
				0,
				0,
				4.323,
				0.5,
				0,
				4.516,
				0.5,
				0,
				5.323,
				0.5,
				0,
				5.419,
				0.5,
				0,
				7.323,
				0.5
			]
		},
		{
			"Target": "Parameter",
			"Id": "ParamHairFront",
			"Segments": [
				0,
				0.549,
				0,
				0.484,
				0.549,
				0,
				1.903,
				0.549,
				0,
				2,
				0.549,
				0,
				3.065,
				0.549,
				0,
				3.161,
				0.549,
				0,
				4.323,
				0.549,
				0,
				4.516,
				0.549,
				0,
				5.323,
				0.549,
				0,
				5.419,
				0.549,
				0,
				7.323,
				0.549
			]
		},
		{
			"Target": "Parameter",
			"Id": "ParamHairSide",
			"Segments": [
				0,
				-0.944,
				0,
				0.484,
				-0.944,
				0,
				1.903,
				-0.944,
				0,
				2,
				-0.944,
				0,
				3.065,
				-0.944,
				0,
				3.161,
				-0.944,
				0,
				4.323,
				-0.944,
				0,
				4.516,
				-0.944,
				0,
				5.323,
				-0.944,
				0,
				5.419,
				-0.944,
				0,
				7.323,
				-0.944
			]
		},
		{
			"Target": "Parameter",
			"Id": "ParamHairBack",
			"Segments": [
				0,
				-0.595,
				0,
				0.484,
				-0.595,
				0,
				1.903,
				-0.595,
				0,
				2,
				-0.595,
				0,
				3.065,
				-0.595,
				0,
				3.161,
				-0.595,
				0,
				4.323,
				-0.595,
				0,
				4.516,
				-0.595,
				0,
				5.323,
				-0.595,
				0,
				5.419,
				-0.595,
				0,
				7.323,
				-0.595
			]
		}
	]
}