{
	"Version": 3,
	"Meta": {
		"Duration": 5.654,
		"Fps": 107.0,
		"Loop": true,
		"AreBeziersRestricted": true,
		"CurveCount": 17,
		"TotalSegmentCount": 453,
		"TotalPointCount": 728,
		"UserDataCount": 0,
		"TotalUserDataSize": 0
	},
	"Curves": [
		{
			"Target": "Parameter",
			"Id": "ParamAngleX",
			"Segments": [
				0,
				0,
				1,
				0.075,
				0,
				0.15,
				5.74,
				0.224,
				9,
				1,
				0.283,
				11.581,
				0.343,
				11.517,
				0.402,
				14,
				1,
				0.455,
				16.222,
				0.508,
				22,
				0.561,
				22,
				1,
				0.604,
				22,
				0.648,
				8,
				0.692,
				8,
				1,
				0.726,
				8,
				0.76,
				17.161,
				0.794,
				18,
				1,
				0.869,
				19.83,
				0.944,
				20.006,
				1.019,
				22,
				1,
				1.072,
				23.412,
				1.125,
				30,
				1.178,
				30,
				1,
				1.24,
				30,
				1.302,
				30,
				1.364,
				30,
				1,
				1.455,
				30,
				1.545,
				28,
				1.636,
				28,
				1,
				1.71,
				28,
				1.785,
				30,
				1.86,
				30,
				1,
				1.938,
				30,
				2.016,
				22.475,
				2.093,
				18,
				1,
				2.174,
				13.346,
				2.255,
				13,
				2.336,
				13,
				1,
				2.402,
				13,
				2.467,
				24,
				2.533,
				24,
				1,
				2.67,
				24,
				2.807,
				24,
				2.944,
				24,
				1,
				3.028,
				24,
				3.112,
				23.415,
				3.196,
				23.415,
				1,
				3.283,
				23.415,
				3.371,
				23.415,
				3.458,
				23.415,
				1,
				3.573,
				23.415,
				3.688,
				30,
				3.804,
				30,
				1,
				3.86,
				30,
				3.916,
				0,
				3.972,
				0,
				1,
				4.047,
				0,
				4.121,
				0,
				4.196,
				0,
				1,
				4.287,
				0,
				4.377,
				13,
				4.467,
				13,
				1,
				4.536,
				13,
				4.604,
				13,
				4.673,
				13,
				1,
				4.741,
				13,
				4.81,
				-30,
				4.879,
				-30,
				1,
				4.963,
				-30,
				5.047,
				-23.159,
				5.131,
				-20,
				1,
				5.212,
				-16.958,
				5.293,
				-17.284,
				5.374,
				-14,
				1,
				5.467,
				-10.21,
				5.561,
				0,
				5.654,
				0
			]
		},
		{
			"Target": "Parameter",
			"Id": "ParamAngleY",
			"Segments": [
				0,
				0,
				1,
				0.075,
				0,
				0.15,
				0,
				0.224,
				0,
				1,
				0.283,
				0,
				0.343,
				0.336,
				0.402,
				0.567,
				1,
				0.455,
				0.774,
				0.508,
				0.744,
				0.561,
				1,
				1,
				0.604,
				1.211,
				0.648,
				8,
				0.692,
				8,
				1,
				0.726,
				8,
				0.76,
				1,
				0.794,
				1,
				1,
				0.869,
				1,
				0.944,
				1,
				1.019,
				1,
				1,
				1.072,
				1,
				1.125,
				-15,
				1.178,
				-15,
				1,
				1.24,
				-15,
				1.302,
				-15,
				1.364,
				-15,
				1,
				1.455,
				-15,
				1.545,
				1,
				1.636,
				1,
				1,
				1.71,
				1,
				1.785,
				-3.32,
				1.86,
				-6,
				1,
				1.938,
				-8.792,
				2.016,
				-9.12,
				2.093,
				-12,
				1,
				2.174,
				-14.995,
				2.255,
				-20,
				2.336,
				-20,
				1,
				2.402,
				-20,
				2.467,
				-5,
				2.533,
				-5,
				1,
				2.67,
				-5,
				2.807,
				-5,
				2.944,
				-5,
				1,
				3.028,
				-5,
				3.112,
				5,
				3.196,
				5,
				1,
				3.283,
				5,
				3.371,
				-4.878,
				3.458,
				-4.878,
				1,
				3.573,
				-4.878,
				3.688,
				14,
				3.804,
				14,
				1,
				3.86,
				14,
				3.916,
				1,
				3.972,
				1,
				1,
				4.047,
				1,
				4.121,
				1,
				4.196,
				1,
				1,
				4.287,
				1,
				4.377,
				2,
				4.467,
				2,
				1,
				4.536,
				2,
				4.604,
				2,
				4.673,
				2,
				1,
				4.741,
				2,
				4.81,
				-8,
				4.879,
				-8,
				1,
				4.963,
				-8,
				5.047,
				0.289,
				5.131,
				6,
				1,
				5.212,
				11.5,
				5.293,
				12,
				5.374,
				12,
				1,
				5.467,
				12,
				5.561,
				0,
				5.654,
				0
			]
		},
		{
			"Target": "Parameter",
			"Id": "ParamAngleZ",
			"Segments": [
				0,
				0,
				1,
				0.075,
				0,
				0.15,
				0,
				0.224,
				0,
				1,
				0.283,
				0,
				0.343,
				1.306,
				0.402,
				3.403,
				1,
				0.455,
				5.28,
				0.508,
				6,
				0.561,
				6,
				1,
				0.604,
				6,
				0.648,
				6,
				0.692,
				6,
				1,
				0.726,
				6,
				0.76,
				6,
				0.794,
				6,
				1,
				0.869,
				6,
				0.944,
				6,
				1.019,
				6,
				1,
				1.072,
				6,
				1.125,
				6,
				1.178,
				6,
				1,
				1.24,
				6,
				1.302,
				6,
				1.364,
				6,
				1,
				1.455,
				6,
				1.545,
				6,
				1.636,
				6,
				1,
				1.71,
				6,
				1.785,
				6,
				1.86,
				6,
				1,
				1.938,
				6,
				2.016,
				-6,
				2.093,
				-6,
				1,
				2.174,
				-6,
				2.255,
				-5.601,
				2.336,
				-2,
				1,
				2.402,
				0.908,
				2.467,
				6,
				2.533,
				6,
				1,
				2.67,
				6,
				2.807,
				6,
				2.944,
				6,
				1,
				3.028,
				6,
				3.112,
				1,
				3.196,
				1,
				1,
				3.283,
				1,
				3.371,
				5.854,
				3.458,
				5.854,
				1,
				3.502,
				5.854,
				3.545,
				3,
				3.589,
				3,
				1,
				3.626,
				3,
				3.664,
				7,
				3.701,
				7,
				1,
				3.735,
				7,
				3.769,
				7,
				3.804,
				7,
				1,
				3.86,
				7,
				3.916,
				0,
				3.972,
				0,
				1,
				4.047,
				0,
				4.121,
				0,
				4.196,
				0,
				1,
				4.287,
				0,
				4.377,
				2,
				4.467,
				2,
				1,
				4.536,
				2,
				4.604,
				2,
				4.673,
				2,
				1,
				4.741,
				2,
				4.81,
				2,
				4.879,
				2,
				1,
				4.963,
				2,
				5.047,
				-1.517,
				5.131,
				-5,
				1,
				5.212,
				-8.354,
				5.293,
				-9,
				5.374,
				-9,
				1,
				5.467,
				-9,
				5.561,
				0,
				5.654,
				0
			]
		},
		{
			"Target": "Parameter",
			"Id": "ParamEyeROpen",
			"Segments": [
				0,
				0.7,
				0,
				0.224,
				0.2,
				0,
				0.402,
				0.2,
				0,
				0.561,
				1,
				0,
				0.692,
				0.72,
				0,
				0.794,
				0.7,
				0,
				0.804,
				0.6,
				0,
				1.019,
				1,
				0,
				1.178,
				0.6,
				0,
				1.364,
				0.5,
				0,
				1.636,
				0.5,
				0,
				1.86,
				0.2,
				0,
				2.093,
				0.453,
				0,
				2.336,
				0.4,
				0,
				2.533,
				0.6,
				0,
				2.944,
				0.6,
				0,
				3.196,
				0.6,
				0,
				3.458,
				0.7,
				0,
				3.589,
				0.8,
				0,
				3.701,
				0.8,
				0,
				3.804,
				0.8,
				0,
				3.972,
				0.4,
				0,
				4.196,
				0.4,
				0,
				4.467,
				0.5,
				0,
				4.673,
				0.4,
				0,
				4.879,
				0.4,
				0,
				5.131,
				0.3,
				0,
				5.374,
				0.7,
				0,
				5.654,
				0.7
			]
		},
		{
			"Target": "Parameter",
			"Id": "ParamEyeRSmile",
			"Segments": [
				0,
				1,
				0,
				0.224,
				1,
				0,
				0.402,
				0.8,
				0,
				0.561,
				1,
				0,
				0.692,
				0.888,
				0,
				0.794,
				0.4,
				0,
				0.804,
				0.4,
				0,
				1.019,
				1,
				0,
				1.178,
				0.9,
				0,
				1.364,
				0.5,
				0,
				1.636,
				0.7,
				0,
				1.86,
				0.4,
				0,
				2.093,
				0.558,
				0,
				2.336,
				0.4,
				0,
				2.533,
				0.5,
				0,
				2.944,
				0.5,
				0,
				3.196,
				1,
				0,
				3.458,
				1,
				0,
				3.589,
				1,
				0,
				3.701,
				0.7,
				0,
				3.804,
				0.9,
				0,
				3.972,
				0.7,
				0,
				4.196,
				0.5,
				0,
				4.467,
				0.4,
				0,
				4.673,
				0.5,
				0,
				4.879,
				0.7,
				0,
				5.131,
				0.5,
				0,
				5.374,
				0.9,
				0,
				5.654,
				1
			]
		},
		{
			"Target": "Parameter",
			"Id": "ParamEyeBallX",
			"Segments": [
				0,
				0,
				0,
				0.224,
				-0.4,
				0,
				0.402,
				0.3,
				0,
				0.561,
				-0.2,
				0,
				0.692,
				0.3,
				0,
				0.794,
				-0.7,
				0,
				0.804,
				-0.3,
				0,
				1.019,
				-0.3,
				0,
				1.178,
				0.3,
				0,
				1.364,
				-0.3,
				0,
				1.636,
				0,
				0,
				1.86,
				-0.3,
				0,
				2.093,
				-0.1,
				0,
				2.336,
				-0.1,
				0,
				2.533,
				-0.3,
				0,
				2.944,
				-0.2,
				0,
				3.196,
				-0.5,
				0,
				3.458,
				-0.3,
				0,
				3.589,
				-0.3,
				0,
				3.701,
				-0.1,
				0,
				3.804,
				0.3,
				0,
				3.972,
				-0.2,
				0,
				4.196,
				-0.2,
				0,
				4.467,
				0.4,
				0,
				4.673,
				-0.1,
				0,
				4.879,
				0.6,
				0,
				5.131,
				-0.1,
				0,
				5.374,
				-0.1,
				0,
				5.654,
				0
			]
		},
		{
			"Target": "Parameter",
			"Id": "ParamEyeBallY",
			"Segments": [
				0,
				0,
				0,
				0.224,
				0.3,
				0,
				0.402,
				0,
				0,
				0.561,
				-0.1,
				0,
				0.692,
				-0.4,
				0,
				0.794,
				-0.4,
				0,
				0.804,
				-0.3,
				0,
				1.019,
				-0.2,
				0,
				1.178,
				0.4,
				0,
				1.364,
				0.4,
				0,
				1.636,
				0.5,
				0,
				1.86,
				-0.3,
				0,
				2.093,
				0.5,
				0,
				2.336,
				0.5,
				0,
				2.533,
				0.3,
				0,
				2.944,
				0.5,
				0,
				3.196,
				-0.4,
				0,
				3.458,
				0.3,
				0,
				3.589,
				-0.2,
				0,
				3.701,
				0,
				0,
				3.804,
				0,
				0,
				3.972,
				-0.2,
				0,
				4.196,
				-0.3,
				0,
				4.467,
				0,
				0,
				4.673,
				0,
				0,
				4.879,
				-0.2,
				0,
				5.131,
				-0.5,
				0,
				5.374,
				-0.5,
				0,
				5.654,
				0
			]
		},
		{
			"Target": "Parameter",
			"Id": "ParamBrowLX",
			"Segments": [
				0,
				-0.111,
				2,
				0.224,
				-0.111,
				2,
				0.402,
				-0.111,
				2,
				0.561,
				-0.111,
				2,
				0.692,
				-0.111,
				2,
				0.794,
				-0.111,
				2,
				1.019,
				-0.111,
				2,
				1.178,
				-0.111,
				2,
				1.364,
				-0.111,
				2,
				1.636,
				-0.111,
				2,
				1.86,
				-0.111,
				2,
				2.093,
				-0.111,
				2,
				2.336,
				-0.111,
				2,
				2.533,
				-0.111,
				2,
				2.944,
				-0.111,
				2,
				3.196,
				-0.111,
				2,
				3.458,
				-0.111,
				2,
				3.972,
				-0.111,
				2,
				4.196,
				-0.111,
				2,
				4.467,
				-0.111,
				2,
				4.673,
				-0.111,
				2,
				4.879,
				-0.111,
				2,
				5.131,
				-0.111,
				2,
				5.374,
				-0.111,
				2,
				5.654,
				-0.111
			]
		},
		{
			"Target": "Parameter",
			"Id": "ParamBrowRX",
			"Segments": [
				0,
				-0.866,
				0,
				0.224,
				-0.866,
				0,
				0.402,
				-0.866,
				0,
				0.561,
				-0.866,
				0,
				0.692,
				-0.866,
				0,
				0.794,
				-0.866,
				0,
				1.019,
				-0.866,
				0,
				1.178,
				-0.866,
				0,
				1.364,
				-0.866,
				0,
				1.636,
				-0.866,
				0,
				1.86,
				-0.866,
				0,
				2.093,
				-0.866,
				0,
				2.336,
				-0.866,
				0,
				2.533,
				-0.866,
				0,
				2.944,
				-0.866,
				0,
				3.196,
				-0.866,
				0,
				3.458,
				-0.866,
				0,
				3.972,
				-0.866,
				0,
				4.196,
				-0.866,
				0,
				4.467,
				-0.866,
				0,
				4.673,
				-0.866,
				0,
				4.879,
				-0.866,
				0,
				5.131,
				-0.866,
				0,
				5.374,
				-0.866,
				0,
				5.654,
				-0.866
			]
		},
		{
			"Target": "Parameter",
			"Id": "ParamBrowLForm",
			"Segments": [
				0,
				0.3,
				0,
				0.224,
				0,
				0,
				0.402,
				0.545,
				0,
				0.43,
				0.4,
				0,
				0.561,
				1,
				0,
				0.692,
				1,
				0,
				0.794,
				-0.5,
				0,
				1.019,
				1,
				0,
				1.178,
				0.1,
				0,
				1.364,
				0.8,
				0,
				1.636,
				0.1,
				0,
				1.86,
				0.7,
				0,
				2.093,
				-0.621,
				0,
				2.336,
				0.3,
				0,
				2.533,
				-0.2,
				0,
				2.944,
				-0.2,
				0,
				3.196,
				-0.153,
				0,
				3.458,
				-0.153,
				0,
				3.589,
				1,
				0,
				3.701,
				1,
				0,
				3.804,
				1,
				0,
				3.972,
				0,
				0,
				4.196,
				-1,
				0,
				4.467,
				0,
				0,
				4.673,
				0.1,
				0,
				4.879,
				1,
				0,
				5.131,
				1,
				0,
				5.374,
				-0.1,
				0,
				5.654,
				0.3
			]
		},
		{
			"Target": "Parameter",
			"Id": "ParamBrowLY",
			"Segments": [
				0,
				-1,
				0,
				0.224,
				-1,
				0,
				0.402,
				0.091,
				0,
				0.43,
				0,
				0,
				0.561,
				1,
				0,
				0.692,
				0.776,
				0,
				0.794,
				-0.7,
				0,
				1.019,
				1,
				0,
				1.178,
				-1,
				0,
				1.364,
				0.7,
				0,
				1.636,
				-1,
				0,
				1.86,
				-1,
				0,
				2.093,
				-0.668,
				0,
				2.336,
				0.5,
				0,
				2.533,
				0,
				0,
				2.944,
				0,
				0,
				3.196,
				-0.093,
				0,
				3.458,
				-0.093,
				0,
				3.589,
				1,
				0,
				3.701,
				1,
				0,
				3.804,
				-1,
				0,
				3.972,
				-0.4,
				0,
				4.196,
				-0.3,
				0,
				4.467,
				-1,
				0,
				4.673,
				-0.4,
				0,
				4.879,
				0.1,
				0,
				5.131,
				0.1,
				0,
				5.374,
				-0.2,
				0,
				5.654,
				-1
			]
		},
		{
			"Target": "Parameter",
			"Id": "ParamBrowRForm",
			"Segments": [
				0,
				-0.449,
				0,
				0.224,
				-0.449,
				0,
				0.402,
				-0.449,
				0,
				0.561,
				-0.449,
				0,
				0.692,
				-0.449,
				0,
				0.794,
				-0.449,
				0,
				1.019,
				-0.449,
				0,
				1.178,
				-0.449,
				0,
				1.364,
				-0.449,
				0,
				1.636,
				-0.449,
				0,
				1.86,
				-0.449,
				0,
				2.093,
				-0.449,
				0,
				2.336,
				-0.449,
				0,
				2.533,
				-0.449,
				0,
				2.944,
				-0.449,
				0,
				3.196,
				-0.449,
				0,
				3.458,
				-0.449,
				0,
				3.972,
				-0.449,
				0,
				4.196,
				-0.449,
				0,
				4.467,
				-0.449,
				0,
				4.673,
				-0.449,
				0,
				4.879,
				-0.449,
				0,
				5.131,
				-0.449,
				0,
				5.374,
				-0.449,
				0,
				5.654,
				-0.449
			]
		},
		{
			"Target": "Parameter",
			"Id": "ParamMouthForm",
			"Segments": [
				0,
				-0.1,
				0,
				0.224,
				1,
				0,
				0.402,
				0.455,
				0,
				0.561,
				0,
				0,
				0.692,
				0.224,
				0,
				0.794,
				0.4,
				0,
				1.019,
				0,
				0,
				1.178,
				-0.4,
				0,
				1.364,
				-0.4,
				0,
				1.636,
				0.3,
				0,
				1.86,
				0.3,
				0,
				2.093,
				0.3,
				0,
				2.336,
				0.3,
				0,
				2.533,
				0.3,
				0,
				2.944,
				0.3,
				0,
				3.196,
				0.263,
				0,
				3.458,
				0.263,
				0,
				3.589,
				0.1,
				0,
				3.701,
				0.1,
				0,
				3.804,
				-0.1,
				0,
				3.972,
				0.9,
				0,
				4.196,
				-1,
				0,
				4.467,
				0,
				0,
				4.673,
				0,
				0,
				4.879,
				0,
				0,
				5.131,
				0,
				0,
				5.374,
				1,
				0,
				5.654,
				-0.1
			]
		},
		{
			"Target": "Parameter",
			"Id": "ParamMouthOpenY",
			"Segments": [
				0,
				0,
				0,
				0.224,
				0,
				0,
				0.402,
				0,
				0,
				0.561,
				0,
				0,
				0.692,
				0,
				0,
				0.794,
				0,
				0,
				1.019,
				0,
				0,
				1.178,
				0,
				0,
				1.364,
				0,
				0,
				1.636,
				0,
				0,
				1.86,
				0,
				0,
				2.093,
				0,
				0,
				2.336,
				0,
				0,
				2.533,
				0,
				0,
				2.944,
				0,
				0,
				3.196,
				0,
				0,
				3.458,
				0,
				0,
				3.589,
				0,
				0,
				3.701,
				0,
				0,
				3.804,
				0,
				0,
				3.972,
				0,
				0,
				4.196,
				0,
				0,
				4.467,
				0,
				0,
				4.673,
				0,
				0,
				4.879,
				0,
				0,
				5.131,
				0,
				0,
				5.374,
				0,
				0,
				5.654,
				0
			]
		},
		{
			"Target": "Parameter",
			"Id": "ParamBodyAngleX",
			"Segments": [
				0,
				0,
				1,
				0.075,
				0,
				0.15,
				0,
				0.224,
				0,
				1,
				0.283,
				0,
				0.343,
				0,
				0.402,
				0,
				1,
				0.455,
				0,
				0.508,
				0,
				0.561,
				0,
				1,
				0.604,
				0,
				0.648,
				0,
				0.692,
				0,
				1,
				0.726,
				0,
				0.76,
				0,
				0.794,
				0,
				1,
				0.869,
				0,
				0.944,
				0,
				1.019,
				0,
				1,
				1.072,
				0,
				1.125,
				0,
				1.178,
				0,
				1,
				1.24,
				0,
				1.302,
				0,
				1.364,
				0,
				1,
				1.455,
				0,
				1.545,
				0,
				1.636,
				0,
				1,
				1.71,
				0,
				1.785,
				0,
				1.86,
				0,
				1,
				1.938,
				0,
				2.016,
				0,
				2.093,
				0,
				1,
				2.174,
				0,
				2.255,
				0,
				2.336,
				0,
				1,
				2.402,
				0,
				2.467,
				0,
				2.533,
				0,
				1,
				2.67,
				0,
				2.807,
				0,
				2.944,
				0,
				1,
				3.028,
				0,
				3.112,
				0,
				3.196,
				0,
				1,
				3.283,
				0,
				3.371,
				-1,
				3.458,
				-1,
				1,
				3.629,
				-1,
				3.801,
				-0.945,
				3.972,
				-0.861,
				1,
				4.047,
				-0.751,
				4.121,
				-1,
				4.196,
				-1,
				1,
				4.287,
				-1,
				4.377,
				-1,
				4.467,
				-1,
				1,
				4.536,
				-1,
				4.604,
				0,
				4.673,
				0,
				1,
				4.741,
				0,
				4.81,
				-1,
				4.879,
				-1,
				1,
				4.963,
				-1,
				5.047,
				0,
				5.131,
				0,
				1,
				5.212,
				0,
				5.293,
				0,
				5.374,
				0,
				1,
				5.467,
				0,
				5.561,
				0,
				5.654,
				0
			]
		},
		{
			"Target": "Parameter",
			"Id": "ParamBodyAngleY",
			"Segments": [
				0,
				0,
				0,
				0.224,
				-10,
				0,
				0.402,
				10,
				0,
				0.561,
				-10,
				0,
				0.682,
				10,
				0,
				0.692,
				0,
				0,
				0.794,
				-10,
				0,
				1.019,
				10,
				0,
				1.178,
				10,
				0,
				1.364,
				-3,
				0,
				1.374,
				-10,
				0,
				1.636,
				10,
				0,
				1.86,
				-10,
				0,
				2.093,
				10,
				0,
				2.336,
				-10,
				0,
				2.533,
				10,
				0,
				2.794,
				-10,
				0,
				2.944,
				10,
				0,
				3.196,
				-10,
				0,
				3.458,
				10,
				0,
				3.589,
				-10,
				0,
				3.701,
				10,
				0,
				3.804,
				-10,
				0,
				3.972,
				10,
				0,
				4.196,
				-10,
				0,
				4.467,
				-10,
				0,
				4.673,
				10,
				0,
				4.879,
				-10,
				0,
				5.131,
				10,
				0,
				5.374,
				-10,
				0,
				5.654,
				0
			]
		},
		{
			"Target": "Parameter",
			"Id": "ParamBodyAngleZ",
			"Segments": [
				0,
				0,
				1,
				0.075,
				0,
				0.15,
				2,
				0.224,
				2,
				1,
				0.283,
				2,
				0.343,
				2.08,
				0.402,
				1,
				1,
				0.455,
				0.034,
				0.508,
				-4,
				0.561,
				-4,
				1,
				0.604,
				-4,
				0.648,
				-2.059,
				0.692,
				-0.532,
				1,
				0.726,
				0.668,
				0.76,
				1.618,
				0.794,
				2,
				1,
				0.869,
				2.833,
				0.944,
				3,
				1.019,
				3,
				1,
				1.072,
				3,
				1.125,
				1,
				1.178,
				1,
				1,
				1.24,
				1,
				1.302,
				1,
				1.364,
				1,
				1,
				1.455,
				1,
				1.545,
				1,
				1.636,
				1,
				1,
				1.71,
				1,
				1.785,
				-5,
				1.86,
				-5,
				1,
				1.938,
				-5,
				2.016,
				1.079,
				2.093,
				1.079,
				1,
				2.174,
				1.079,
				2.255,
				0,
				2.336,
				0,
				1,
				2.402,
				0,
				2.467,
				1.318,
				2.533,
				2,
				1,
				2.62,
				2.91,
				2.707,
				3,
				2.794,
				3,
				1,
				2.844,
				3,
				2.894,
				0,
				2.944,
				0,
				1,
				3.028,
				0,
				3.112,
				0,
				3.196,
				0,
				1,
				3.283,
				0,
				3.371,
				-0.112,
				3.458,
				-1,
				1,
				3.502,
				-1.444,
				3.545,
				-3,
				3.589,
				-3,
				1,
				3.626,
				-3,
				3.664,
				-1.694,
				3.701,
				0,
				1,
				3.735,
				1.553,
				3.769,
				2,
				3.804,
				2,
				1,
				3.86,
				2,
				3.916,
				-3,
				3.972,
				-3,
				1,
				4.047,
				-3,
				4.121,
				-1,
				4.196,
				-1,
				1,
				4.287,
				-1,
				4.377,
				-4,
				4.467,
				-4,
				1,
				4.536,
				-4,
				4.604,
				0,
				4.673,
				0,
				1,
				4.741,
				0,
				4.81,
				-5,
				4.879,
				-5,
				1,
				4.963,
				-5,
				5.047,
				-4.903,
				5.131,
				-3,
				1,
				5.212,
				-1.168,
				5.293,
				2,
				5.374,
				2,
				1,
				5.467,
				2,
				5.561,
				0,
				5.654,
				0
			]
		}
	]
}