{
	"Version": 3,
	"Meta": {
		"Duration": 25,
		"Fps": 24.20010757446289,
		"Loop": true,
		"AreBeziersRestricted": true,
		"CurveCount": 17,
		"TotalSegmentCount": 445,
		"TotalPointCount": 720,
		"UserDataCount": 0,
		"TotalUserDataSize": 0
	},
	"Curves": [
		{
			"Target": "Parameter",
			"Id": "ParamAngleX",
			"Segments": [
				0,
				0,
				1,
				0.331,
				0,
				0.661,
				5.74,
				0.992,
				9,
				1,
				1.253,
				11.581,
				1.515,
				11.517,
				1.777,
				14,
				1,
				2.011,
				16.222,
				2.245,
				22,
				2.479,
				22,
				1,
				2.672,
				22,
				2.865,
				8,
				3.058,
				8,
				1,
				3.209,
				8,
				3.361,
				17.161,
				3.512,
				18,
				1,
				3.843,
				19.83,
				4.174,
				20.006,
				4.504,
				22,
				1,
				4.738,
				23.412,
				4.972,
				30,
				5.207,
				30,
				1,
				5.482,
				30,
				5.758,
				30,
				6.033,
				30,
				1,
				6.432,
				30,
				6.832,
				28,
				7.231,
				28,
				1,
				7.562,
				28,
				7.893,
				30,
				8.223,
				30,
				1,
				8.567,
				30,
				8.912,
				22.475,
				9.256,
				18,
				1,
				9.614,
				13.346,
				9.972,
				13,
				10.331,
				13,
				1,
				10.62,
				13,
				10.909,
				24,
				11.198,
				24,
				1,
				11.804,
				24,
				12.41,
				24,
				13.016,
				24,
				1,
				13.388,
				24,
				13.76,
				23.415,
				14.132,
				23.415,
				1,
				14.518,
				23.415,
				14.904,
				23.415,
				15.289,
				23.415,
				1,
				15.799,
				23.415,
				16.308,
				30,
				16.818,
				30,
				1,
				17.066,
				30,
				17.314,
				0,
				17.562,
				0,
				1,
				17.892,
				0,
				18.223,
				0,
				18.554,
				0,
				1,
				18.953,
				0,
				19.353,
				13,
				19.752,
				13,
				1,
				20.055,
				13,
				20.358,
				13,
				20.661,
				13,
				1,
				20.964,
				13,
				21.267,
				-30,
				21.57,
				-30,
				1,
				21.942,
				-30,
				22.314,
				-23.159,
				22.686,
				-20,
				1,
				23.044,
				-16.958,
				23.402,
				-17.284,
				23.76,
				-14,
				1,
				24.173,
				-10.21,
				24.587,
				0,
				25,
				0
			]
		},
		{
			"Target": "Parameter",
			"Id": "ParamAngleY",
			"Segments": [
				0,
				0,
				1,
				0.331,
				0,
				0.661,
				0,
				0.992,
				0,
				1,
				1.253,
				0,
				1.515,
				0.336,
				1.777,
				0.567,
				1,
				2.011,
				0.774,
				2.245,
				0.744,
				2.479,
				1,
				1,
				2.672,
				1.211,
				2.865,
				8,
				3.058,
				8,
				1,
				3.209,
				8,
				3.361,
				1,
				3.512,
				1,
				1,
				3.843,
				1,
				4.174,
				1,
				4.504,
				1,
				1,
				4.738,
				1,
				4.972,
				-15,
				5.207,
				-15,
				1,
				5.482,
				-15,
				5.758,
				-15,
				6.033,
				-15,
				1,
				6.432,
				-15,
				6.832,
				1,
				7.231,
				1,
				1,
				7.562,
				1,
				7.893,
				-3.32,
				8.223,
				-6,
				1,
				8.567,
				-8.792,
				8.912,
				-9.12,
				9.256,
				-12,
				1,
				9.614,
				-14.995,
				9.972,
				-20,
				10.331,
				-20,
				1,
				10.62,
				-20,
				10.909,
				-5,
				11.198,
				-5,
				1,
				11.804,
				-5,
				12.41,
				-5,
				13.016,
				-5,
				1,
				13.388,
				-5,
				13.76,
				5,
				14.132,
				5,
				1,
				14.518,
				5,
				14.904,
				-4.878,
				15.289,
				-4.878,
				1,
				15.799,
				-4.878,
				16.308,
				14,
				16.818,
				14,
				1,
				17.066,
				14,
				17.314,
				1,
				17.562,
				1,
				1,
				17.892,
				1,
				18.223,
				1,
				18.554,
				1,
				1,
				18.953,
				1,
				19.353,
				2,
				19.752,
				2,
				1,
				20.055,
				2,
				20.358,
				2,
				20.661,
				2,
				1,
				20.964,
				2,
				21.267,
				-8,
				21.57,
				-8,
				1,
				21.942,
				-8,
				22.314,
				0.289,
				22.686,
				6,
				1,
				23.044,
				11.5,
				23.402,
				12,
				23.76,
				12,
				1,
				24.173,
				12,
				24.587,
				0,
				25,
				0
			]
		},
		{
			"Target": "Parameter",
			"Id": "ParamAngleZ",
			"Segments": [
				0,
				0,
				1,
				0.331,
				0,
				0.661,
				0,
				0.992,
				0,
				1,
				1.253,
				0,
				1.515,
				1.306,
				1.777,
				3.403,
				1,
				2.011,
				5.28,
				2.245,
				6,
				2.479,
				6,
				1,
				2.672,
				6,
				2.865,
				6,
				3.058,
				6,
				1,
				3.209,
				6,
				3.361,
				6,
				3.512,
				6,
				1,
				3.843,
				6,
				4.174,
				6,
				4.504,
				6,
				1,
				4.738,
				6,
				4.972,
				6,
				5.207,
				6,
				1,
				5.482,
				6,
				5.758,
				6,
				6.033,
				6,
				1,
				6.432,
				6,
				6.832,
				6,
				7.231,
				6,
				1,
				7.562,
				6,
				7.893,
				6,
				8.223,
				6,
				1,
				8.567,
				6,
				8.912,
				-6,
				9.256,
				-6,
				1,
				9.614,
				-6,
				9.972,
				-5.601,
				10.331,
				-2,
				1,
				10.62,
				0.908,
				10.909,
				6,
				11.198,
				6,
				1,
				11.804,
				6,
				12.41,
				6,
				13.016,
				6,
				1,
				13.388,
				6,
				13.76,
				1,
				14.132,
				1,
				1,
				14.518,
				1,
				14.904,
				5.854,
				15.289,
				5.854,
				1,
				15.482,
				5.854,
				15.675,
				3,
				15.868,
				3,
				1,
				16.033,
				3,
				16.198,
				7,
				16.364,
				7,
				1,
				16.515,
				7,
				16.667,
				7,
				16.818,
				7,
				1,
				17.066,
				7,
				17.314,
				0,
				17.562,
				0,
				1,
				17.892,
				0,
				18.223,
				0,
				18.554,
				0,
				1,
				18.953,
				0,
				19.353,
				2,
				19.752,
				2,
				1,
				20.055,
				2,
				20.358,
				2,
				20.661,
				2,
				1,
				20.964,
				2,
				21.267,
				2,
				21.57,
				2,
				1,
				21.942,
				2,
				22.314,
				-1.517,
				22.686,
				-5,
				1,
				23.044,
				-8.354,
				23.402,
				-9,
				23.76,
				-9,
				1,
				24.173,
				-9,
				24.587,
				0,
				25,
				0
			]
		},
		{
			"Target": "Parameter",
			"Id": "ParamEyeROpen",
			"Segments": [
				0,
				0.7,
				0,
				0.992,
				0.2,
				0,
				1.777,
				0.2,
				0,
				2.479,
				1,
				0,
				3.058,
				0.72,
				0,
				3.512,
				0.5,
				0,
				4.504,
				1,
				0,
				5.207,
				0.6,
				0,
				6.033,
				0.5,
				0,
				7.231,
				0.5,
				0,
				8.223,
				0.2,
				0,
				9.256,
				0.453,
				0,
				10.331,
				0.4,
				0,
				11.198,
				0.6,
				0,
				13.016,
				0.6,
				0,
				14.132,
				0.6,
				0,
				15.289,
				0.7,
				0,
				15.868,
				0.8,
				0,
				16.364,
				0.8,
				0,
				16.818,
				0.8,
				0,
				17.562,
				0.4,
				0,
				18.554,
				0.3,
				0,
				19.752,
				0.5,
				0,
				20.661,
				0.4,
				0,
				21.57,
				0.3,
				0,
				22.686,
				0.4,
				0,
				23.76,
				1,
				0,
				25,
				0.7
			]
		},
		{
			"Target": "Parameter",
			"Id": "ParamEyeRSmile",
			"Segments": [
				0,
				1,
				0,
				0.992,
				1,
				0,
				1.777,
				0.8,
				0,
				2.479,
				1,
				0,
				3.058,
				0.888,
				0,
				3.512,
				0.8,
				0,
				4.504,
				1,
				0,
				5.207,
				0.9,
				0,
				6.033,
				0.5,
				0,
				7.231,
				0.7,
				0,
				8.223,
				0.4,
				0,
				9.256,
				0.558,
				0,
				10.331,
				0.4,
				0,
				11.198,
				0.5,
				0,
				13.016,
				0.5,
				0,
				14.132,
				1,
				0,
				15.289,
				1,
				0,
				15.868,
				1,
				0,
				16.364,
				0.7,
				0,
				16.818,
				0.9,
				0,
				17.562,
				0.7,
				0,
				18.554,
				0.4,
				0,
				19.752,
				0.4,
				0,
				20.661,
				0.5,
				0,
				21.57,
				0.8,
				0,
				22.686,
				1,
				0,
				23.76,
				1,
				0,
				25,
				1
			]
		},
		{
			"Target": "Parameter",
			"Id": "ParamEyeBallX",
			"Segments": [
				0,
				0,
				0,
				0.992,
				-0.7,
				0,
				1.777,
				-0.864,
				0,
				2.479,
				-1,
				0,
				3.058,
				-1,
				0,
				3.512,
				-1,
				0,
				4.504,
				-1,
				0,
				5.207,
				0.3,
				0,
				6.033,
				-0.3,
				0,
				7.231,
				0,
				0,
				8.223,
				-0.3,
				0,
				9.256,
				-0.1,
				0,
				10.331,
				-0.1,
				0,
				11.198,
				-0.5,
				0,
				13.016,
				-0.5,
				0,
				14.132,
				-0.7,
				0,
				15.289,
				-0.453,
				0,
				15.868,
				-1,
				0,
				16.364,
				-0.1,
				0,
				16.818,
				0.3,
				0,
				17.562,
				-0.2,
				0,
				18.554,
				-0.2,
				0,
				19.752,
				0.4,
				0,
				20.661,
				-0.1,
				0,
				21.57,
				0.6,
				0,
				22.686,
				-0.1,
				0,
				23.76,
				-0.1,
				0,
				25,
				0
			]
		},
		{
			"Target": "Parameter",
			"Id": "ParamEyeBallY",
			"Segments": [
				0,
				0,
				0,
				0.992,
				-0.2,
				0,
				1.777,
				-0.2,
				0,
				2.479,
				-0.2,
				0,
				3.058,
				-0.648,
				0,
				3.512,
				-1,
				0,
				4.504,
				-1,
				0,
				5.207,
				0.4,
				0,
				6.033,
				0.4,
				0,
				7.231,
				0.5,
				0,
				8.223,
				-0.3,
				0,
				9.256,
				0.5,
				0,
				10.331,
				0.5,
				0,
				11.198,
				0.4,
				0,
				13.016,
				0.4,
				0,
				14.132,
				-0.5,
				0,
				15.289,
				0.363,
				0,
				15.868,
				-0.1,
				0,
				16.364,
				0,
				0,
				16.818,
				-0.1,
				0,
				17.562,
				-0.2,
				0,
				18.554,
				-0.3,
				0,
				19.752,
				0,
				0,
				20.661,
				0,
				0,
				21.57,
				-0.2,
				0,
				22.686,
				-0.5,
				0,
				23.76,
				-0.5,
				0,
				25,
				0
			]
		},
		{
			"Target": "Parameter",
			"Id": "ParamBrowLX",
			"Segments": [
				0,
				-0.111,
				2,
				0.992,
				-0.111,
				2,
				1.777,
				-0.111,
				2,
				2.479,
				-0.111,
				2,
				3.058,
				-0.111,
				2,
				3.512,
				-0.111,
				2,
				4.504,
				-0.111,
				2,
				5.207,
				-0.111,
				2,
				6.033,
				-0.111,
				2,
				7.231,
				-0.111,
				2,
				8.223,
				-0.111,
				2,
				9.256,
				-0.111,
				2,
				10.331,
				-0.111,
				2,
				11.198,
				-0.111,
				2,
				13.016,
				-0.111,
				2,
				14.132,
				-0.111,
				2,
				15.289,
				-0.111,
				2,
				17.562,
				-0.111,
				2,
				18.554,
				-0.111,
				2,
				19.752,
				-0.111,
				2,
				20.661,
				-0.111,
				2,
				21.57,
				-0.111,
				2,
				22.686,
				-0.111,
				2,
				23.76,
				-0.111,
				2,
				25,
				-0.111
			]
		},
		{
			"Target": "Parameter",
			"Id": "ParamBrowRX",
			"Segments": [
				0,
				-0.866,
				0,
				0.992,
				-0.866,
				0,
				1.777,
				-0.866,
				0,
				2.479,
				-0.866,
				0,
				3.058,
				-0.866,
				0,
				3.512,
				-0.866,
				0,
				4.504,
				-0.866,
				0,
				5.207,
				-0.866,
				0,
				6.033,
				-0.866,
				0,
				7.231,
				-0.866,
				0,
				8.223,
				-0.866,
				0,
				9.256,
				-0.866,
				0,
				10.331,
				-0.866,
				0,
				11.198,
				-0.866,
				0,
				13.016,
				-0.866,
				0,
				14.132,
				-0.866,
				0,
				15.289,
				-0.866,
				0,
				17.562,
				-0.866,
				0,
				18.554,
				-0.866,
				0,
				19.752,
				-0.866,
				0,
				20.661,
				-0.866,
				0,
				21.57,
				-0.866,
				0,
				22.686,
				-0.866,
				0,
				23.76,
				-0.866,
				0,
				25,
				-0.866
			]
		},
		{
			"Target": "Parameter",
			"Id": "ParamBrowLForm",
			"Segments": [
				0,
				0.3,
				0,
				0.992,
				0,
				0,
				1.777,
				0.545,
				0,
				1.901,
				0.4,
				0,
				2.479,
				1,
				0,
				3.058,
				1,
				0,
				3.512,
				1,
				0,
				4.504,
				1,
				0,
				5.207,
				0.1,
				0,
				6.033,
				0.8,
				0,
				7.231,
				0.1,
				0,
				8.223,
				0.7,
				0,
				9.256,
				-0.621,
				0,
				10.331,
				0.3,
				0,
				11.198,
				-0.2,
				0,
				13.016,
				-0.2,
				0,
				14.132,
				-0.153,
				0,
				15.289,
				-0.153,
				0,
				15.868,
				1,
				0,
				16.364,
				1,
				0,
				16.818,
				1,
				0,
				17.562,
				0,
				0,
				18.554,
				-1,
				0,
				19.752,
				0,
				0,
				20.661,
				0.1,
				0,
				21.57,
				1,
				0,
				22.686,
				1,
				0,
				23.76,
				-0.1,
				0,
				25,
				0.3
			]
		},
		{
			"Target": "Parameter",
			"Id": "ParamBrowLY",
			"Segments": [
				0,
				-1,
				0,
				0.992,
				-1,
				0,
				1.777,
				0.091,
				0,
				1.901,
				0,
				0,
				2.479,
				1,
				0,
				3.058,
				0.776,
				0,
				3.512,
				0.6,
				0,
				4.504,
				1,
				0,
				5.207,
				-1,
				0,
				6.033,
				0.7,
				0,
				7.231,
				-1,
				0,
				8.223,
				-1,
				0,
				9.256,
				-0.668,
				0,
				10.331,
				0.5,
				0,
				11.198,
				0,
				0,
				13.016,
				0,
				0,
				14.132,
				-0.093,
				0,
				15.289,
				-0.093,
				0,
				15.868,
				1,
				0,
				16.364,
				1,
				0,
				16.818,
				-1,
				0,
				17.562,
				-0.4,
				0,
				18.554,
				-0.3,
				0,
				19.752,
				-1,
				0,
				20.661,
				-0.4,
				0,
				21.57,
				0.1,
				0,
				22.686,
				0.1,
				0,
				23.76,
				-0.2,
				0,
				25,
				-1
			]
		},
		{
			"Target": "Parameter",
			"Id": "ParamBrowRForm",
			"Segments": [
				0,
				-0.449,
				0,
				0.992,
				-0.449,
				0,
				1.777,
				-0.449,
				0,
				2.479,
				-0.449,
				0,
				3.058,
				-0.449,
				0,
				3.512,
				-0.449,
				0,
				4.504,
				-0.449,
				0,
				5.207,
				-0.449,
				0,
				6.033,
				-0.449,
				0,
				7.231,
				-0.449,
				0,
				8.223,
				-0.449,
				0,
				9.256,
				-0.449,
				0,
				10.331,
				-0.449,
				0,
				11.198,
				-0.449,
				0,
				13.016,
				-0.449,
				0,
				14.132,
				-0.449,
				0,
				15.289,
				-0.449,
				0,
				17.562,
				-0.449,
				0,
				18.554,
				-0.449,
				0,
				19.752,
				-0.449,
				0,
				20.661,
				-0.449,
				0,
				21.57,
				-0.449,
				0,
				22.686,
				-0.449,
				0,
				23.76,
				-0.449,
				0,
				25,
				-0.449
			]
		},
		{
			"Target": "Parameter",
			"Id": "ParamMouthForm",
			"Segments": [
				0,
				-0.1,
				0,
				0.992,
				1,
				0,
				1.777,
				0.455,
				0,
				2.479,
				0,
				0,
				3.058,
				0.224,
				0,
				3.512,
				0.4,
				0,
				4.504,
				0,
				0,
				5.207,
				-0.4,
				0,
				6.033,
				-0.4,
				0,
				7.231,
				0.3,
				0,
				8.223,
				0.3,
				0,
				9.256,
				0.3,
				0,
				10.331,
				0.3,
				0,
				11.198,
				0.3,
				0,
				13.016,
				0.3,
				0,
				14.132,
				0.263,
				0,
				15.289,
				0.263,
				0,
				15.868,
				0.1,
				0,
				16.364,
				0.1,
				0,
				16.818,
				-0.1,
				0,
				17.562,
				0.9,
				0,
				18.554,
				0.9,
				0,
				19.752,
				0,
				0,
				20.661,
				0,
				0,
				21.57,
				0,
				0,
				22.686,
				0,
				0,
				23.76,
				1,
				0,
				25,
				-0.1
			]
		},
		{
			"Target": "Parameter",
			"Id": "ParamMouthOpenY",
			"Segments": [
				0,
				0,
				0,
				0.992,
				0,
				0,
				1.777,
				0,
				0,
				2.479,
				0,
				0,
				3.058,
				0,
				0,
				3.512,
				0,
				0,
				4.504,
				0,
				0,
				5.207,
				0,
				0,
				6.033,
				0,
				0,
				7.231,
				0,
				0,
				8.223,
				0,
				0,
				9.256,
				0,
				0,
				10.331,
				0,
				0,
				11.198,
				0,
				0,
				13.016,
				0,
				0,
				14.132,
				0,
				0,
				15.289,
				0,
				0,
				15.868,
				0,
				0,
				16.364,
				0,
				0,
				16.818,
				0,
				0,
				17.562,
				0,
				0,
				18.554,
				0,
				0,
				19.752,
				0,
				0,
				20.661,
				0,
				0,
				21.57,
				0,
				0,
				22.686,
				0,
				0,
				23.76,
				0,
				0,
				25,
				0
			]
		},
		{
			"Target": "Parameter",
			"Id": "ParamBodyAngleX",
			"Segments": [
				0,
				0,
				1,
				0.331,
				0,
				0.661,
				0,
				0.992,
				0,
				1,
				1.253,
				0,
				1.515,
				0,
				1.777,
				0,
				1,
				2.011,
				0,
				2.245,
				0,
				2.479,
				0,
				1,
				2.672,
				0,
				2.865,
				0,
				3.058,
				0,
				1,
				3.209,
				0,
				3.361,
				0,
				3.512,
				0,
				1,
				3.843,
				0,
				4.174,
				0,
				4.504,
				0,
				1,
				4.738,
				0,
				4.972,
				0,
				5.207,
				0,
				1,
				5.482,
				0,
				5.758,
				0,
				6.033,
				0,
				1,
				6.432,
				0,
				6.832,
				0,
				7.231,
				0,
				1,
				7.562,
				0,
				7.893,
				0,
				8.223,
				0,
				1,
				8.567,
				0,
				8.912,
				0,
				9.256,
				0,
				1,
				9.614,
				0,
				9.972,
				0,
				10.331,
				0,
				1,
				10.62,
				0,
				10.909,
				0,
				11.198,
				0,
				1,
				11.804,
				0,
				12.41,
				0,
				13.016,
				0,
				1,
				13.388,
				0,
				13.76,
				0,
				14.132,
				0,
				1,
				14.518,
				0,
				14.904,
				-1,
				15.289,
				-1,
				1,
				16.047,
				-1,
				16.804,
				-0.945,
				17.562,
				-0.861,
				1,
				17.892,
				-0.751,
				18.223,
				-1,
				18.554,
				-1,
				1,
				18.953,
				-1,
				19.353,
				-1,
				19.752,
				-1,
				1,
				20.055,
				-1,
				20.358,
				0,
				20.661,
				0,
				1,
				20.964,
				0,
				21.267,
				-1,
				21.57,
				-1,
				1,
				21.942,
				-1,
				22.314,
				0,
				22.686,
				0,
				1,
				23.044,
				0,
				23.402,
				0,
				23.76,
				0,
				1,
				24.173,
				0,
				24.587,
				0,
				25,
				0
			]
		},
		{
			"Target": "Parameter",
			"Id": "ParamBodyAngleY",
			"Segments": [
				0,
				0,
				0,
				0.992,
				0,
				0,
				1.777,
				0,
				0,
				2.479,
				0,
				0,
				3.058,
				0,
				0,
				3.512,
				0,
				0,
				4.504,
				0,
				0,
				5.207,
				0,
				0,
				6.033,
				-3,
				0,
				7.231,
				0,
				0,
				8.223,
				0,
				0,
				9.256,
				0,
				0,
				10.331,
				0,
				0,
				11.198,
				3,
				0,
				12.355,
				1,
				0,
				13.016,
				0,
				0,
				14.132,
				0,
				0,
				15.289,
				-2,
				0,
				16.818,
				4,
				0,
				17.562,
				4,
				0,
				18.554,
				-5,
				0,
				19.752,
				10,
				0,
				20.661,
				4,
				0,
				21.57,
				5,
				0,
				22.686,
				3,
				0,
				23.76,
				10,
				0,
				25,
				0
			]
		},
		{
			"Target": "Parameter",
			"Id": "ParamBodyAngleZ",
			"Segments": [
				0,
				0,
				1,
				0.331,
				0,
				0.661,
				2,
				0.992,
				2,
				1,
				1.253,
				2,
				1.515,
				2.047,
				1.777,
				1,
				1,
				2.011,
				0.064,
				2.245,
				-3,
				2.479,
				-3,
				1,
				2.672,
				-3,
				2.865,
				-1.864,
				3.058,
				-0.532,
				1,
				3.209,
				0.514,
				3.361,
				1.618,
				3.512,
				2,
				1,
				3.843,
				2.833,
				4.174,
				3,
				4.504,
				3,
				1,
				4.738,
				3,
				4.972,
				1,
				5.207,
				1,
				1,
				5.482,
				1,
				5.758,
				1,
				6.033,
				1,
				1,
				6.432,
				1,
				6.832,
				1,
				7.231,
				1,
				1,
				7.562,
				1,
				7.893,
				-5,
				8.223,
				-5,
				1,
				8.567,
				-5,
				8.912,
				1.079,
				9.256,
				1.079,
				1,
				9.614,
				1.079,
				9.972,
				0,
				10.331,
				0,
				1,
				10.62,
				0,
				10.909,
				1.318,
				11.198,
				2,
				1,
				11.584,
				2.91,
				11.97,
				3,
				12.355,
				3,
				1,
				12.576,
				3,
				12.796,
				0,
				13.016,
				0,
				1,
				13.388,
				0,
				13.76,
				0,
				14.132,
				0,
				1,
				14.518,
				0,
				14.904,
				-0.112,
				15.289,
				-1,
				1,
				15.482,
				-1.444,
				15.675,
				-3,
				15.868,
				-3,
				1,
				16.033,
				-3,
				16.198,
				-1.694,
				16.364,
				0,
				1,
				16.515,
				1.553,
				16.667,
				2,
				16.818,
				2,
				1,
				17.066,
				2,
				17.314,
				-3,
				17.562,
				-3,
				1,
				17.892,
				-3,
				18.223,
				1,
				18.554,
				1,
				1,
				18.953,
				1,
				19.353,
				-1.601,
				19.752,
				-4,
				1,
				20.055,
				-5.82,
				20.358,
				-6,
				20.661,
				-6,
				1,
				20.964,
				-6,
				21.267,
				-5.592,
				21.57,
				-5,
				1,
				21.942,
				-4.273,
				22.314,
				-4.1,
				22.686,
				-3,
				1,
				23.044,
				-1.941,
				23.402,
				2,
				23.76,
				2,
				1,
				24.173,
				2,
				24.587,
				0,
				25,
				0
			]
		}
	]
}