{
	"Version": 3,
	"Meta": {
		"Duration": 15.55,
		"Fps": 19.99998664855957,
		"Loop": true,
		"AreBeziersRestricted": true,
		"CurveCount": 30,
		"TotalSegmentCount": 239,
		"TotalPointCount": 437,
		"UserDataCount": 0,
		"TotalUserDataSize": 0
	},
	"Curves": [
		{
			"Target": "Parameter",
			"Id": "ParamAngleX",
			"Segments": [
				0,
				0,
				1,
				0.85,
				30,
				1.7,
				-16,
				2.55,
				-16,
				1,
				3.133,
				-16,
				3.717,
				9,
				4.3,
				9,
				1,
				4.6,
				9,
				4.9,
				30,
				5.2,
				-3.326,
				1,
				5.5,
				-11.429,
				5.8,
				-15.314,
				6.1,
				-15.314,
				1,
				7.333,
				-15.314,
				8.567,
				0,
				9.8,
				0,
				1,
				10.267,
				0,
				10.733,
				-24,
				11.2,
				-24,
				1,
				12.117,
				-24,
				13.033,
				30,
				13.95,
				30,
				1,
				14.483,
				30,
				15.017,
				0,
				15.55,
				0
			]
		},
		{
			"Target": "Parameter",
			"Id": "ParamAngleY",
			"Segments": [
				0,
				3,
				1,
				1.433,
				1.426,
				2.867,
				12.661,
				4.3,
				13,
				1,
				5.367,
				13.254,
				6.433,
				2.33,
				7.5,
				3,
				0,
				12.85,
				3,
				0,
				15.35,
				-9,
				0,
				15.55,
				3
			]
		},
		{
			"Target": "Parameter",
			"Id": "ParamAngleZ",
			"Segments": [
				0,
				0,
				1,
				0.517,
				1.6,
				1.033,
				-24.443,
				1.55,
				-21,
				1,
				2.917,
				-11.985,
				4.283,
				29.491,
				5.65,
				30,
				1,
				6.717,
				30,
				7.783,
				8.849,
				8.85,
				9,
				0,
				13.9,
				17,
				0,
				15.55,
				0
			]
		},
		{
			"Target": "Parameter",
			"Id": "ParamEyeLOpen",
			"Segments": [
				0,
				1,
				0,
				1.25,
				1,
				0,
				2.3,
				1,
				0,
				3.45,
				1,
				0,
				4.7,
				1,
				0,
				7.55,
				1,
				0,
				9.75,
				1,
				0,
				13.9,
				1,
				0,
				15.55,
				1
			]
		},
		{
			"Target": "Parameter",
			"Id": "ParamEyeLSmile",
			"Segments": [
				0,
				0.416,
				0,
				1.25,
				0.416,
				0,
				2.3,
				0.416,
				0,
				3.45,
				0.416,
				0,
				4.7,
				0.416,
				0,
				7.55,
				0.416,
				0,
				9.75,
				0.416,
				0,
				13.9,
				0.416,
				0,
				15.55,
				0.416
			]
		},
		{
			"Target": "Parameter",
			"Id": "ParamEyeROpen",
			"Segments": [
				0,
				1,
				0,
				1.25,
				1,
				0,
				2.3,
				0.6,
				0,
				3.45,
				0.8,
				0,
				4.7,
				1,
				0,
				7.55,
				1,
				0,
				9.75,
				0.7,
				0,
				11.2,
				0.7,
				0,
				13.9,
				0.8,
				0,
				15.55,
				1
			]
		},
		{
			"Target": "Parameter",
			"Id": "ParamEyeRSmile",
			"Segments": [
				0,
				1,
				0,
				1.25,
				0.6,
				0,
				2.3,
				0.6,
				0,
				3.45,
				0.8,
				0,
				4.7,
				1,
				0,
				7.55,
				0.9,
				0,
				9.75,
				0.6,
				0,
				11.2,
				0.7,
				0,
				13.9,
				1,
				0,
				15.55,
				1
			]
		},
		{
			"Target": "Parameter",
			"Id": "ParamEyeBallX",
			"Segments": [
				0,
				0,
				0,
				1.25,
				1,
				0,
				2.3,
				0.5,
				0,
				3.45,
				0.25,
				0,
				4.7,
				-1,
				0,
				7.55,
				-1,
				0,
				9.75,
				0.4,
				0,
				11.2,
				-1,
				0,
				13.9,
				0,
				0,
				15.55,
				0
			]
		},
		{
			"Target": "Parameter",
			"Id": "ParamEyeBallY",
			"Segments": [
				0,
				0,
				0,
				1.25,
				0.5,
				0,
				2.3,
				0.5,
				0,
				3.45,
				0.25,
				0,
				4.7,
				0,
				0,
				7.55,
				0.4,
				0,
				9.75,
				0.4,
				0,
				11.2,
				0.4,
				0,
				13.9,
				0,
				0,
				15.55,
				0
			]
		},
		{
			"Target": "Parameter",
			"Id": "ParamBrowRY",
			"Segments": [
				0,
				0.341,
				0,
				1.25,
				0.341,
				0,
				2.3,
				0.341,
				0,
				3.45,
				0.341,
				0,
				4.7,
				0.341,
				0,
				7.55,
				0.341,
				0,
				9.75,
				0.341,
				0,
				13.9,
				0.341,
				0,
				15.55,
				0.341
			]
		},
		{
			"Target": "Parameter",
			"Id": "ParamBrowLX",
			"Segments": [
				0,
				-0.111,
				0,
				1.25,
				-0.111,
				0,
				2.3,
				-0.111,
				0,
				3.45,
				-0.111,
				0,
				4.7,
				-0.111,
				0,
				7.55,
				-0.111,
				0,
				9.75,
				-0.111,
				0,
				13.9,
				-0.111,
				0,
				15.55,
				-0.111
			]
		},
		{
			"Target": "Parameter",
			"Id": "ParamBrowRX",
			"Segments": [
				0,
				-0.866,
				0,
				1.25,
				-0.866,
				0,
				2.3,
				-0.866,
				0,
				3.45,
				-0.866,
				0,
				4.7,
				-0.866,
				0,
				7.55,
				-0.866,
				0,
				9.75,
				-0.866,
				0,
				13.9,
				-0.866,
				0,
				15.55,
				-0.866
			]
		},
		{
			"Target": "Parameter",
			"Id": "ParamBrowLForm",
			"Segments": [
				0,
				1,
				1,
				0.417,
				1,
				0.833,
				1,
				1.25,
				0.8,
				1,
				1.6,
				0.609,
				1.95,
				-1,
				2.3,
				-1,
				1,
				2.683,
				-1,
				3.067,
				-0.576,
				3.45,
				0.3,
				1,
				3.65,
				0.757,
				3.85,
				1,
				4.05,
				1,
				1,
				4.267,
				1,
				4.483,
				0.521,
				4.7,
				0.3,
				1,
				5.65,
				-0.67,
				6.6,
				-1,
				7.55,
				-1,
				1,
				7.917,
				-1,
				8.283,
				-0.16,
				8.65,
				0.4,
				1,
				9.017,
				0.96,
				9.383,
				1,
				9.75,
				1,
				1,
				10.467,
				1,
				11.183,
				0,
				11.9,
				0,
				1,
				12.083,
				0,
				12.267,
				0.306,
				12.45,
				0.4,
				1,
				12.933,
				0.649,
				13.417,
				0.7,
				13.9,
				0.7,
				1,
				14.15,
				0.7,
				14.4,
				0.7,
				14.65,
				0.7,
				1,
				14.933,
				0.7,
				15.217,
				-1,
				15.5,
				-1,
				1,
				15.517,
				-1,
				15.533,
				1,
				15.55,
				1
			]
		},
		{
			"Target": "Parameter",
			"Id": "ParamBrowLY",
			"Segments": [
				0,
				1,
				1,
				0.417,
				1,
				0.833,
				-1,
				1.25,
				-1,
				1,
				1.6,
				-1,
				1.95,
				0.6,
				2.3,
				0.6,
				1,
				2.683,
				0.6,
				3.067,
				-0.788,
				3.45,
				-0.788,
				1,
				3.65,
				-0.788,
				3.85,
				1,
				4.05,
				1,
				1,
				4.267,
				1,
				4.483,
				-1,
				4.7,
				-1,
				1,
				5.65,
				-1,
				6.6,
				-0.952,
				7.55,
				-0.6,
				1,
				7.917,
				-0.464,
				8.283,
				0.6,
				8.65,
				0.6,
				1,
				9.017,
				0.6,
				9.383,
				0.657,
				9.75,
				0.5,
				1,
				10.467,
				0.193,
				11.183,
				-1,
				11.9,
				-1,
				1,
				12.083,
				-1,
				12.267,
				0,
				12.45,
				0,
				1,
				12.933,
				0,
				13.417,
				-1,
				13.9,
				-1,
				1,
				14.15,
				-1,
				14.4,
				-1,
				14.65,
				-1,
				1,
				14.933,
				-1,
				15.217,
				1,
				15.5,
				1,
				1,
				15.517,
				1,
				15.533,
				1,
				15.55,
				1
			]
		},
		{
			"Target": "Parameter",
			"Id": "ParamBrowRForm",
			"Segments": [
				0,
				-0.449,
				0,
				1.25,
				-0.449,
				0,
				2.3,
				-0.449,
				0,
				3.45,
				-0.449,
				0,
				4.7,
				-0.449,
				0,
				7.55,
				-0.449,
				0,
				9.75,
				-0.449,
				0,
				13.9,
				-0.449,
				0,
				15.55,
				-0.449
			]
		},
		{
			"Target": "Parameter",
			"Id": "ParamMouthForm",
			"Segments": [
				0,
				0.1,
				1,
				0.417,
				0.1,
				0.833,
				-0.054,
				1.25,
				-0.45,
				1,
				1.6,
				-0.782,
				1.95,
				-1,
				2.3,
				-1,
				1,
				2.683,
				-1,
				3.067,
				-0.801,
				3.45,
				-0.45,
				1,
				3.867,
				-0.069,
				4.283,
				0.1,
				4.7,
				0.1,
				1,
				5.65,
				0.1,
				6.6,
				-0.9,
				7.55,
				-0.9,
				1,
				8.283,
				-0.9,
				9.017,
				0.1,
				9.75,
				0.1,
				1,
				11.133,
				0.1,
				12.517,
				0.1,
				13.9,
				0.1,
				0,
				15.55,
				0.1
			]
		},
		{
			"Target": "Parameter",
			"Id": "ParamMouthOpenY",
			"Segments": [
				0,
				0,
				0,
				1.25,
				0,
				1,
				1.617,
				0,
				1.983,
				0,
				2.35,
				0,
				1,
				2.717,
				0,
				3.083,
				0,
				3.45,
				0,
				1,
				3.867,
				0,
				4.283,
				0,
				4.7,
				0,
				1,
				5.65,
				0,
				6.6,
				0,
				7.55,
				0,
				1,
				8.283,
				0,
				9.017,
				0,
				9.75,
				0,
				1,
				11.133,
				0,
				12.517,
				0,
				13.9,
				0,
				0,
				15.55,
				0
			]
		},
		{
			"Target": "Parameter",
			"Id": "Param",
			"Segments": [
				0,
				0,
				0,
				1.25,
				0,
				0,
				2.3,
				0,
				0,
				3.45,
				0,
				0,
				4.7,
				0,
				0,
				7.55,
				0,
				0,
				9.75,
				0,
				0,
				13.9,
				0,
				0,
				15.55,
				0
			]
		},
		{
			"Target": "Parameter",
			"Id": "Param2",
			"Segments": [
				0,
				0,
				0,
				1.25,
				0,
				0,
				2.3,
				0,
				0,
				3.45,
				0,
				0,
				4.7,
				0,
				0,
				7.55,
				0,
				0,
				9.75,
				0,
				0,
				13.9,
				0,
				0,
				15.55,
				0
			]
		},
		{
			"Target": "Parameter",
			"Id": "ParamCheek",
			"Segments": [
				0,
				0.477,
				2,
				1.25,
				0.477,
				2,
				2.3,
				0.477,
				2,
				3.45,
				0.477,
				2,
				4.7,
				0.477,
				2,
				7.55,
				0.477,
				2,
				9.75,
				0.477,
				2,
				13.9,
				0.477,
				2,
				15.55,
				0.477
			]
		},
		{
			"Target": "Parameter",
			"Id": "ParamBodyAngleX",
			"Segments": [
				0,
				0,
				1,
				0.083,
				0,
				0.167,
				0.503,
				0.25,
				1,
				1,
				0.317,
				1.398,
				0.383,
				1.454,
				0.45,
				1.454,
				1,
				0.717,
				1.454,
				0.983,
				-0.278,
				1.25,
				-1,
				1,
				1.6,
				-1.948,
				1.95,
				-2,
				2.3,
				-2,
				1,
				2.683,
				-2,
				3.067,
				2,
				3.45,
				2,
				1,
				3.867,
				2,
				4.283,
				-3,
				4.7,
				-3,
				1,
				5.183,
				-3,
				5.667,
				3,
				6.15,
				3,
				1,
				6.4,
				3,
				6.65,
				-0.733,
				6.9,
				-3,
				1,
				7.117,
				-4.965,
				7.333,
				-5,
				7.55,
				-5,
				0,
				8.75,
				-1,
				0,
				9.75,
				-2,
				1,
				10.2,
				-2,
				10.65,
				6,
				11.1,
				6,
				1,
				12.033,
				6,
				12.967,
				6,
				13.9,
				6,
				1,
				14.45,
				6,
				15,
				0,
				15.55,
				0
			]
		},
		{
			"Target": "Parameter",
			"Id": "ParamBodyAngleY",
			"Segments": [
				0,
				0,
				1,
				0.417,
				0,
				0.833,
				0.199,
				1.25,
				1,
				1,
				1.35,
				1.192,
				1.45,
				3,
				1.55,
				3,
				1,
				2.183,
				3,
				2.817,
				2,
				3.45,
				2,
				1,
				3.867,
				2,
				4.283,
				2,
				4.7,
				2,
				1,
				5.017,
				2,
				5.333,
				2,
				5.65,
				2,
				1,
				7.467,
				2,
				9.283,
				-3,
				11.1,
				-3,
				1,
				12.033,
				-3,
				12.967,
				4,
				13.9,
				4,
				0,
				15.55,
				0
			]
		},
		{
			"Target": "Parameter",
			"Id": "ParamBodyAngleZ",
			"Segments": [
				0,
				0,
				0,
				1.25,
				1,
				0,
				2.3,
				-6,
				0,
				3.45,
				1,
				0,
				4.7,
				-2,
				0,
				6.15,
				0,
				0,
				7.55,
				-5,
				0,
				9.75,
				-8,
				0,
				13.9,
				0,
				0,
				15.55,
				0
			]
		},
		{
			"Target": "Parameter",
			"Id": "ParamBreath",
			"Segments": [
				0,
				0,
				1,
				0.417,
				0,
				0.833,
				1,
				1.25,
				1,
				1,
				1.583,
				1,
				1.917,
				0,
				2.25,
				0,
				1,
				2.4,
				0,
				2.55,
				0.265,
				2.7,
				0.5,
				1,
				2.95,
				0.892,
				3.2,
				1,
				3.45,
				1,
				1,
				3.667,
				1,
				3.883,
				0.833,
				4.1,
				0.5,
				1,
				4.317,
				0.167,
				4.533,
				0,
				4.75,
				0,
				1,
				5.05,
				0,
				5.35,
				0.4,
				5.65,
				0.4,
				1,
				6.3,
				0.4,
				6.95,
				0,
				7.6,
				0,
				1,
				8.317,
				0,
				9.033,
				1,
				9.75,
				1,
				1,
				11.15,
				1,
				12.55,
				0,
				13.95,
				0,
				1,
				14.483,
				0,
				15.017,
				0,
				15.55,
				0
			]
		},
		{
			"Target": "Parameter",
			"Id": "ParamHairFront",
			"Segments": [
				0,
				0.549,
				0,
				1.25,
				0.549,
				0,
				2.3,
				0.549,
				0,
				3.45,
				0.549,
				0,
				4.7,
				0.549,
				0,
				7.55,
				0.549,
				0,
				9.75,
				0.549,
				0,
				13.9,
				0.549,
				0,
				15.55,
				0.549
			]
		},
		{
			"Target": "Parameter",
			"Id": "ParamHairSide",
			"Segments": [
				0,
				-0.944,
				2,
				1.25,
				-0.944,
				2,
				2.3,
				-0.944,
				2,
				3.45,
				-0.944,
				2,
				4.7,
				-0.944,
				2,
				7.55,
				-0.944,
				2,
				9.75,
				-0.944,
				2,
				13.9,
				-0.944,
				2,
				15.55,
				-0.944
			]
		},
		{
			"Target": "Parameter",
			"Id": "ParamHairBack",
			"Segments": [
				0,
				-0.595,
				2,
				1.25,
				-0.595,
				2,
				2.3,
				-0.595,
				2,
				3.45,
				-0.595,
				2,
				4.7,
				-0.595,
				2,
				7.55,
				-0.595,
				2,
				9.75,
				-0.595,
				2,
				13.9,
				-0.595,
				2,
				15.55,
				-0.595
			]
		},
		{
			"Target": "PartOpacity",
			"Id": "Part2",
			"Segments": [
				0,
				1,
				0,
				15.55,
				1
			]
		},
		{
			"Target": "PartOpacity",
			"Id": "Part",
			"Segments": [
				0,
				1,
				0,
				15.55,
				1
			]
		},
		{
			"Target": "PartOpacity",
			"Id": "MOUTH",
			"Segments": [
				0,
				1,
				0,
				15.55,
				1
			]
		}
	]
}