{
	"Version": 3,
	"Meta": {
		"Duration": 29.086,
		"Fps": 20.800106048583984,
		"Loop": true,
		"AreBeziersRestricted": true,
		"CurveCount": 17,
		"TotalSegmentCount": 445,
		"TotalPointCount": 720,
		"UserDataCount": 0,
		"TotalUserDataSize": 0
	},
	"Curves": [
		{
			"Target": "Parameter",
			"Id": "ParamAngleX",
			"Segments": [
				0,
				0,
				1,
				0.385,
				0,
				0.769,
				5.74,
				1.154,
				9,
				1,
				1.458,
				11.581,
				1.763,
				11.517,
				2.067,
				14,
				1,
				2.34,
				16.222,
				2.612,
				22,
				2.885,
				22,
				1,
				3.109,
				22,
				3.333,
				8,
				3.558,
				8,
				1,
				3.734,
				8,
				3.91,
				17.161,
				4.087,
				18,
				1,
				4.471,
				19.83,
				4.856,
				20.006,
				5.24,
				22,
				1,
				5.513,
				23.412,
				5.785,
				30,
				6.058,
				30,
				1,
				6.378,
				30,
				6.699,
				30,
				7.019,
				30,
				1,
				7.484,
				30,
				7.949,
				28,
				8.413,
				28,
				1,
				8.798,
				28,
				9.183,
				30,
				9.567,
				30,
				1,
				9.968,
				30,
				10.369,
				22.475,
				10.769,
				18,
				1,
				11.186,
				13.346,
				11.603,
				13,
				12.019,
				13,
				1,
				12.356,
				13,
				12.692,
				24,
				13.029,
				24,
				1,
				13.734,
				24,
				14.439,
				24,
				15.144,
				24,
				1,
				15.577,
				24,
				16.01,
				23.415,
				16.442,
				23.415,
				1,
				16.891,
				23.415,
				17.34,
				23.415,
				17.788,
				23.415,
				1,
				18.381,
				23.415,
				18.974,
				30,
				19.567,
				30,
				1,
				19.856,
				30,
				20.144,
				0,
				20.433,
				0,
				1,
				20.817,
				0,
				21.202,
				0,
				21.586,
				0,
				1,
				22.051,
				0,
				22.516,
				13,
				22.981,
				13,
				1,
				23.333,
				13,
				23.686,
				13,
				24.038,
				13,
				1,
				24.391,
				13,
				24.743,
				-30,
				25.096,
				-30,
				1,
				25.529,
				-30,
				25.961,
				-23.159,
				26.394,
				-20,
				1,
				26.811,
				-16.958,
				27.227,
				-17.284,
				27.644,
				-14,
				1,
				28.125,
				-10.21,
				28.606,
				0,
				29.086,
				0
			]
		},
		{
			"Target": "Parameter",
			"Id": "ParamAngleY",
			"Segments": [
				0,
				0,
				1,
				0.385,
				0,
				0.769,
				0,
				1.154,
				0,
				1,
				1.458,
				0,
				1.763,
				0.336,
				2.067,
				0.567,
				1,
				2.34,
				0.774,
				2.612,
				0.744,
				2.885,
				1,
				1,
				3.109,
				1.211,
				3.333,
				8,
				3.558,
				8,
				1,
				3.734,
				8,
				3.91,
				1,
				4.087,
				1,
				1,
				4.471,
				1,
				4.856,
				1,
				5.24,
				1,
				1,
				5.513,
				1,
				5.785,
				-15,
				6.058,
				-15,
				1,
				6.378,
				-15,
				6.699,
				-15,
				7.019,
				-15,
				1,
				7.484,
				-15,
				7.949,
				1,
				8.413,
				1,
				1,
				8.798,
				1,
				9.183,
				-3.32,
				9.567,
				-6,
				1,
				9.968,
				-8.792,
				10.369,
				-9.12,
				10.769,
				-12,
				1,
				11.186,
				-14.995,
				11.603,
				-20,
				12.019,
				-20,
				1,
				12.356,
				-20,
				12.692,
				-5,
				13.029,
				-5,
				1,
				13.734,
				-5,
				14.439,
				-5,
				15.144,
				-5,
				1,
				15.577,
				-5,
				16.01,
				5,
				16.442,
				5,
				1,
				16.891,
				5,
				17.34,
				-4.878,
				17.788,
				-4.878,
				1,
				18.381,
				-4.878,
				18.974,
				14,
				19.567,
				14,
				1,
				19.856,
				14,
				20.144,
				1,
				20.433,
				1,
				1,
				20.817,
				1,
				21.202,
				1,
				21.586,
				1,
				1,
				22.051,
				1,
				22.516,
				2,
				22.981,
				2,
				1,
				23.333,
				2,
				23.686,
				2,
				24.038,
				2,
				1,
				24.391,
				2,
				24.743,
				-8,
				25.096,
				-8,
				1,
				25.529,
				-8,
				25.961,
				0.289,
				26.394,
				6,
				1,
				26.811,
				11.5,
				27.227,
				12,
				27.644,
				12,
				1,
				28.125,
				12,
				28.606,
				0,
				29.086,
				0
			]
		},
		{
			"Target": "Parameter",
			"Id": "ParamAngleZ",
			"Segments": [
				0,
				0,
				1,
				0.385,
				0,
				0.769,
				0,
				1.154,
				0,
				1,
				1.458,
				0,
				1.763,
				1.306,
				2.067,
				3.403,
				1,
				2.34,
				5.28,
				2.612,
				6,
				2.885,
				6,
				1,
				3.109,
				6,
				3.333,
				6,
				3.558,
				6,
				1,
				3.734,
				6,
				3.91,
				6,
				4.087,
				6,
				1,
				4.471,
				6,
				4.856,
				6,
				5.24,
				6,
				1,
				5.513,
				6,
				5.785,
				6,
				6.058,
				6,
				1,
				6.378,
				6,
				6.699,
				6,
				7.019,
				6,
				1,
				7.484,
				6,
				7.949,
				6,
				8.413,
				6,
				1,
				8.798,
				6,
				9.183,
				6,
				9.567,
				6,
				1,
				9.968,
				6,
				10.369,
				-6,
				10.769,
				-6,
				1,
				11.186,
				-6,
				11.603,
				-5.601,
				12.019,
				-2,
				1,
				12.356,
				0.908,
				12.692,
				6,
				13.029,
				6,
				1,
				13.734,
				6,
				14.439,
				6,
				15.144,
				6,
				1,
				15.577,
				6,
				16.01,
				1,
				16.442,
				1,
				1,
				16.891,
				1,
				17.34,
				5.854,
				17.788,
				5.854,
				1,
				18.013,
				5.854,
				18.237,
				3,
				18.461,
				3,
				1,
				18.654,
				3,
				18.846,
				7,
				19.038,
				7,
				1,
				19.215,
				7,
				19.391,
				7,
				19.567,
				7,
				1,
				19.856,
				7,
				20.144,
				0,
				20.433,
				0,
				1,
				20.817,
				0,
				21.202,
				0,
				21.586,
				0,
				1,
				22.051,
				0,
				22.516,
				2,
				22.981,
				2,
				1,
				23.333,
				2,
				23.686,
				2,
				24.038,
				2,
				1,
				24.391,
				2,
				24.743,
				2,
				25.096,
				2,
				1,
				25.529,
				2,
				25.961,
				-1.517,
				26.394,
				-5,
				1,
				26.811,
				-8.354,
				27.227,
				-9,
				27.644,
				-9,
				1,
				28.125,
				-9,
				28.606,
				0,
				29.086,
				0
			]
		},
		{
			"Target": "Parameter",
			"Id": "ParamEyeROpen",
			"Segments": [
				0,
				0.7,
				0,
				1.154,
				0.2,
				0,
				2.067,
				0.2,
				0,
				2.885,
				1,
				0,
				3.558,
				0.72,
				0,
				4.087,
				0.5,
				0,
				5.24,
				1,
				0,
				6.058,
				0.6,
				0,
				7.019,
				0.5,
				0,
				8.413,
				0.5,
				0,
				9.567,
				0.2,
				0,
				10.769,
				0.453,
				0,
				12.019,
				0.4,
				0,
				13.029,
				0.6,
				0,
				15.144,
				0.6,
				0,
				16.442,
				0.6,
				0,
				17.788,
				0.7,
				0,
				18.461,
				0.8,
				0,
				19.038,
				0.8,
				0,
				19.567,
				0.8,
				0,
				20.433,
				0.4,
				0,
				21.586,
				0.3,
				0,
				22.981,
				0.5,
				0,
				24.038,
				0.4,
				0,
				25.096,
				0.3,
				0,
				26.394,
				0.4,
				0,
				27.644,
				1,
				0,
				29.086,
				0.7
			]
		},
		{
			"Target": "Parameter",
			"Id": "ParamEyeRSmile",
			"Segments": [
				0,
				1,
				0,
				1.154,
				1,
				0,
				2.067,
				0.8,
				0,
				2.885,
				1,
				0,
				3.558,
				0.888,
				0,
				4.087,
				0.8,
				0,
				5.24,
				1,
				0,
				6.058,
				0.9,
				0,
				7.019,
				0.5,
				0,
				8.413,
				0.7,
				0,
				9.567,
				0.4,
				0,
				10.769,
				0.558,
				0,
				12.019,
				0.4,
				0,
				13.029,
				0.5,
				0,
				15.144,
				0.5,
				0,
				16.442,
				1,
				0,
				17.788,
				1,
				0,
				18.461,
				1,
				0,
				19.038,
				0.7,
				0,
				19.567,
				0.9,
				0,
				20.433,
				0.7,
				0,
				21.586,
				0.4,
				0,
				22.981,
				0.4,
				0,
				24.038,
				0.5,
				0,
				25.096,
				0.8,
				0,
				26.394,
				1,
				0,
				27.644,
				1,
				0,
				29.086,
				1
			]
		},
		{
			"Target": "Parameter",
			"Id": "ParamEyeBallX",
			"Segments": [
				0,
				0,
				0,
				1.154,
				-0.7,
				0,
				2.067,
				-0.864,
				0,
				2.885,
				-1,
				0,
				3.558,
				-1,
				0,
				4.087,
				-1,
				0,
				5.24,
				-1,
				0,
				6.058,
				0.3,
				0,
				7.019,
				-0.3,
				0,
				8.413,
				0,
				0,
				9.567,
				-0.3,
				0,
				10.769,
				-0.1,
				0,
				12.019,
				-0.1,
				0,
				13.029,
				-0.5,
				0,
				15.144,
				-0.5,
				0,
				16.442,
				-0.7,
				0,
				17.788,
				-0.453,
				0,
				18.461,
				-1,
				0,
				19.038,
				-0.1,
				0,
				19.567,
				0.3,
				0,
				20.433,
				-0.2,
				0,
				21.586,
				-0.2,
				0,
				22.981,
				0.4,
				0,
				24.038,
				-0.1,
				0,
				25.096,
				0.6,
				0,
				26.394,
				-0.1,
				0,
				27.644,
				-0.1,
				0,
				29.086,
				0
			]
		},
		{
			"Target": "Parameter",
			"Id": "ParamEyeBallY",
			"Segments": [
				0,
				0,
				0,
				1.154,
				-0.2,
				0,
				2.067,
				-0.2,
				0,
				2.885,
				-0.2,
				0,
				3.558,
				-0.648,
				0,
				4.087,
				-1,
				0,
				5.24,
				-1,
				0,
				6.058,
				0.4,
				0,
				7.019,
				0.4,
				0,
				8.413,
				0.5,
				0,
				9.567,
				-0.3,
				0,
				10.769,
				0.5,
				0,
				12.019,
				0.5,
				0,
				13.029,
				0.4,
				0,
				15.144,
				0.4,
				0,
				16.442,
				-0.5,
				0,
				17.788,
				0.363,
				0,
				18.461,
				-0.1,
				0,
				19.038,
				0,
				0,
				19.567,
				-0.1,
				0,
				20.433,
				-0.2,
				0,
				21.586,
				-0.3,
				0,
				22.981,
				0,
				0,
				24.038,
				0,
				0,
				25.096,
				-0.2,
				0,
				26.394,
				-0.5,
				0,
				27.644,
				-0.5,
				0,
				29.086,
				0
			]
		},
		{
			"Target": "Parameter",
			"Id": "ParamBrowLX",
			"Segments": [
				0,
				-0.111,
				2,
				1.154,
				-0.111,
				2,
				2.067,
				-0.111,
				2,
				2.885,
				-0.111,
				2,
				3.558,
				-0.111,
				2,
				4.087,
				-0.111,
				2,
				5.24,
				-0.111,
				2,
				6.058,
				-0.111,
				2,
				7.019,
				-0.111,
				2,
				8.413,
				-0.111,
				2,
				9.567,
				-0.111,
				2,
				10.769,
				-0.111,
				2,
				12.019,
				-0.111,
				2,
				13.029,
				-0.111,
				2,
				15.144,
				-0.111,
				2,
				16.442,
				-0.111,
				2,
				17.788,
				-0.111,
				2,
				20.433,
				-0.111,
				2,
				21.586,
				-0.111,
				2,
				22.981,
				-0.111,
				2,
				24.038,
				-0.111,
				2,
				25.096,
				-0.111,
				2,
				26.394,
				-0.111,
				2,
				27.644,
				-0.111,
				2,
				29.086,
				-0.111
			]
		},
		{
			"Target": "Parameter",
			"Id": "ParamBrowRX",
			"Segments": [
				0,
				-0.866,
				0,
				1.154,
				-0.866,
				0,
				2.067,
				-0.866,
				0,
				2.885,
				-0.866,
				0,
				3.558,
				-0.866,
				0,
				4.087,
				-0.866,
				0,
				5.24,
				-0.866,
				0,
				6.058,
				-0.866,
				0,
				7.019,
				-0.866,
				0,
				8.413,
				-0.866,
				0,
				9.567,
				-0.866,
				0,
				10.769,
				-0.866,
				0,
				12.019,
				-0.866,
				0,
				13.029,
				-0.866,
				0,
				15.144,
				-0.866,
				0,
				16.442,
				-0.866,
				0,
				17.788,
				-0.866,
				0,
				20.433,
				-0.866,
				0,
				21.586,
				-0.866,
				0,
				22.981,
				-0.866,
				0,
				24.038,
				-0.866,
				0,
				25.096,
				-0.866,
				0,
				26.394,
				-0.866,
				0,
				27.644,
				-0.866,
				0,
				29.086,
				-0.866
			]
		},
		{
			"Target": "Parameter",
			"Id": "ParamBrowLForm",
			"Segments": [
				0,
				0.3,
				0,
				1.154,
				0,
				0,
				2.067,
				0.545,
				0,
				2.212,
				0.4,
				0,
				2.885,
				1,
				0,
				3.558,
				1,
				0,
				4.087,
				1,
				0,
				5.24,
				1,
				0,
				6.058,
				0.1,
				0,
				7.019,
				0.8,
				0,
				8.413,
				0.1,
				0,
				9.567,
				0.7,
				0,
				10.769,
				-0.621,
				0,
				12.019,
				0.3,
				0,
				13.029,
				-0.2,
				0,
				15.144,
				-0.2,
				0,
				16.442,
				-0.153,
				0,
				17.788,
				-0.153,
				0,
				18.461,
				1,
				0,
				19.038,
				1,
				0,
				19.567,
				1,
				0,
				20.433,
				0,
				0,
				21.586,
				-1,
				0,
				22.981,
				0,
				0,
				24.038,
				0.1,
				0,
				25.096,
				1,
				0,
				26.394,
				1,
				0,
				27.644,
				-0.1,
				0,
				29.086,
				0.3
			]
		},
		{
			"Target": "Parameter",
			"Id": "ParamBrowLY",
			"Segments": [
				0,
				-1,
				0,
				1.154,
				-1,
				0,
				2.067,
				0.091,
				0,
				2.212,
				0,
				0,
				2.885,
				1,
				0,
				3.558,
				0.776,
				0,
				4.087,
				0.6,
				0,
				5.24,
				1,
				0,
				6.058,
				-1,
				0,
				7.019,
				0.7,
				0,
				8.413,
				-1,
				0,
				9.567,
				-1,
				0,
				10.769,
				-0.668,
				0,
				12.019,
				0.5,
				0,
				13.029,
				0,
				0,
				15.144,
				0,
				0,
				16.442,
				-0.093,
				0,
				17.788,
				-0.093,
				0,
				18.461,
				1,
				0,
				19.038,
				1,
				0,
				19.567,
				-1,
				0,
				20.433,
				-0.4,
				0,
				21.586,
				-0.3,
				0,
				22.981,
				-1,
				0,
				24.038,
				-0.4,
				0,
				25.096,
				0.1,
				0,
				26.394,
				0.1,
				0,
				27.644,
				-0.2,
				0,
				29.086,
				-1
			]
		},
		{
			"Target": "Parameter",
			"Id": "ParamBrowRForm",
			"Segments": [
				0,
				-0.449,
				0,
				1.154,
				-0.449,
				0,
				2.067,
				-0.449,
				0,
				2.885,
				-0.449,
				0,
				3.558,
				-0.449,
				0,
				4.087,
				-0.449,
				0,
				5.24,
				-0.449,
				0,
				6.058,
				-0.449,
				0,
				7.019,
				-0.449,
				0,
				8.413,
				-0.449,
				0,
				9.567,
				-0.449,
				0,
				10.769,
				-0.449,
				0,
				12.019,
				-0.449,
				0,
				13.029,
				-0.449,
				0,
				15.144,
				-0.449,
				0,
				16.442,
				-0.449,
				0,
				17.788,
				-0.449,
				0,
				20.433,
				-0.449,
				0,
				21.586,
				-0.449,
				0,
				22.981,
				-0.449,
				0,
				24.038,
				-0.449,
				0,
				25.096,
				-0.449,
				0,
				26.394,
				-0.449,
				0,
				27.644,
				-0.449,
				0,
				29.086,
				-0.449
			]
		},
		{
			"Target": "Parameter",
			"Id": "ParamMouthForm",
			"Segments": [
				0,
				-0.1,
				0,
				1.154,
				1,
				0,
				2.067,
				0.455,
				0,
				2.885,
				0,
				0,
				3.558,
				0.224,
				0,
				4.087,
				0.4,
				0,
				5.24,
				0,
				0,
				6.058,
				-0.4,
				0,
				7.019,
				-0.4,
				0,
				8.413,
				0.3,
				0,
				9.567,
				0.3,
				0,
				10.769,
				0.3,
				0,
				12.019,
				0.3,
				0,
				13.029,
				0.3,
				0,
				15.144,
				0.3,
				0,
				16.442,
				0.263,
				0,
				17.788,
				0.263,
				0,
				18.461,
				0.1,
				0,
				19.038,
				0.1,
				0,
				19.567,
				-0.1,
				0,
				20.433,
				0.9,
				0,
				21.586,
				0.9,
				0,
				22.981,
				0,
				0,
				24.038,
				0,
				0,
				25.096,
				0,
				0,
				26.394,
				0,
				0,
				27.644,
				1,
				0,
				29.086,
				-0.1
			]
		},
		{
			"Target": "Parameter",
			"Id": "ParamMouthOpenY",
			"Segments": [
				0,
				0,
				0,
				1.154,
				0,
				0,
				2.067,
				0,
				0,
				2.885,
				0,
				0,
				3.558,
				0,
				0,
				4.087,
				0,
				0,
				5.24,
				0,
				0,
				6.058,
				0,
				0,
				7.019,
				0,
				0,
				8.413,
				0,
				0,
				9.567,
				0,
				0,
				10.769,
				0,
				0,
				12.019,
				0,
				0,
				13.029,
				0,
				0,
				15.144,
				0,
				0,
				16.442,
				0,
				0,
				17.788,
				0,
				0,
				18.461,
				0,
				0,
				19.038,
				0,
				0,
				19.567,
				0,
				0,
				20.433,
				0,
				0,
				21.586,
				0,
				0,
				22.981,
				0,
				0,
				24.038,
				0,
				0,
				25.096,
				0,
				0,
				26.394,
				0,
				0,
				27.644,
				0,
				0,
				29.086,
				0
			]
		},
		{
			"Target": "Parameter",
			"Id": "ParamBodyAngleX",
			"Segments": [
				0,
				0,
				1,
				0.385,
				0,
				0.769,
				0,
				1.154,
				0,
				1,
				1.458,
				0,
				1.763,
				0,
				2.067,
				0,
				1,
				2.34,
				0,
				2.612,
				0,
				2.885,
				0,
				1,
				3.109,
				0,
				3.333,
				0,
				3.558,
				0,
				1,
				3.734,
				0,
				3.91,
				0,
				4.087,
				0,
				1,
				4.471,
				0,
				4.856,
				0,
				5.24,
				0,
				1,
				5.513,
				0,
				5.785,
				0,
				6.058,
				0,
				1,
				6.378,
				0,
				6.699,
				0,
				7.019,
				0,
				1,
				7.484,
				0,
				7.949,
				0,
				8.413,
				0,
				1,
				8.798,
				0,
				9.183,
				0,
				9.567,
				0,
				1,
				9.968,
				0,
				10.369,
				0,
				10.769,
				0,
				1,
				11.186,
				0,
				11.603,
				0,
				12.019,
				0,
				1,
				12.356,
				0,
				12.692,
				0,
				13.029,
				0,
				1,
				13.734,
				0,
				14.439,
				0,
				15.144,
				0,
				1,
				15.577,
				0,
				16.01,
				0,
				16.442,
				0,
				1,
				16.891,
				0,
				17.34,
				-1,
				17.788,
				-1,
				1,
				18.67,
				-1,
				19.551,
				-0.945,
				20.433,
				-0.861,
				1,
				20.817,
				-0.751,
				21.202,
				-1,
				21.586,
				-1,
				1,
				22.051,
				-1,
				22.516,
				-1,
				22.981,
				-1,
				1,
				23.333,
				-1,
				23.686,
				0,
				24.038,
				0,
				1,
				24.391,
				0,
				24.743,
				-1,
				25.096,
				-1,
				1,
				25.529,
				-1,
				25.961,
				0,
				26.394,
				0,
				1,
				26.811,
				0,
				27.227,
				0,
				27.644,
				0,
				1,
				28.125,
				0,
				28.606,
				0,
				29.086,
				0
			]
		},
		{
			"Target": "Parameter",
			"Id": "ParamBodyAngleY",
			"Segments": [
				0,
				0,
				0,
				1.154,
				0,
				0,
				2.067,
				0,
				0,
				2.885,
				0,
				0,
				3.558,
				0,
				0,
				4.087,
				0,
				0,
				5.24,
				0,
				0,
				6.058,
				0,
				0,
				7.019,
				-3,
				0,
				8.413,
				0,
				0,
				9.567,
				0,
				0,
				10.769,
				0,
				0,
				12.019,
				0,
				0,
				13.029,
				3,
				0,
				14.375,
				1,
				0,
				15.144,
				0,
				0,
				16.442,
				0,
				0,
				17.788,
				-2,
				0,
				19.567,
				4,
				0,
				20.433,
				4,
				0,
				21.586,
				-5,
				0,
				22.981,
				10,
				0,
				24.038,
				4,
				0,
				25.096,
				5,
				0,
				26.394,
				3,
				0,
				27.644,
				10,
				0,
				29.086,
				0
			]
		},
		{
			"Target": "Parameter",
			"Id": "ParamBodyAngleZ",
			"Segments": [
				0,
				0,
				1,
				0.385,
				0,
				0.769,
				2,
				1.154,
				2,
				1,
				1.458,
				2,
				1.763,
				2.047,
				2.067,
				1,
				1,
				2.34,
				0.064,
				2.612,
				-3,
				2.885,
				-3,
				1,
				3.109,
				-3,
				3.333,
				-1.864,
				3.558,
				-0.532,
				1,
				3.734,
				0.514,
				3.91,
				1.618,
				4.087,
				2,
				1,
				4.471,
				2.833,
				4.856,
				3,
				5.24,
				3,
				1,
				5.513,
				3,
				5.785,
				1,
				6.058,
				1,
				1,
				6.378,
				1,
				6.699,
				1,
				7.019,
				1,
				1,
				7.484,
				1,
				7.949,
				1,
				8.413,
				1,
				1,
				8.798,
				1,
				9.183,
				-5,
				9.567,
				-5,
				1,
				9.968,
				-5,
				10.369,
				1.079,
				10.769,
				1.079,
				1,
				11.186,
				1.079,
				11.603,
				0,
				12.019,
				0,
				1,
				12.356,
				0,
				12.692,
				1.318,
				13.029,
				2,
				1,
				13.477,
				2.91,
				13.926,
				3,
				14.375,
				3,
				1,
				14.631,
				3,
				14.888,
				0,
				15.144,
				0,
				1,
				15.577,
				0,
				16.01,
				0,
				16.442,
				0,
				1,
				16.891,
				0,
				17.34,
				-0.112,
				17.788,
				-1,
				1,
				18.013,
				-1.444,
				18.237,
				-3,
				18.461,
				-3,
				1,
				18.654,
				-3,
				18.846,
				-1.694,
				19.038,
				0,
				1,
				19.215,
				1.553,
				19.391,
				2,
				19.567,
				2,
				1,
				19.856,
				2,
				20.144,
				-3,
				20.433,
				-3,
				1,
				20.817,
				-3,
				21.202,
				1,
				21.586,
				1,
				1,
				22.051,
				1,
				22.516,
				-1.601,
				22.981,
				-4,
				1,
				23.333,
				-5.82,
				23.686,
				-6,
				24.038,
				-6,
				1,
				24.391,
				-6,
				24.743,
				-5.592,
				25.096,
				-5,
				1,
				25.529,
				-4.273,
				25.961,
				-4.1,
				26.394,
				-3,
				1,
				26.811,
				-1.941,
				27.227,
				2,
				27.644,
				2,
				1,
				28.125,
				2,
				28.606,
				0,
				29.086,
				0
			]
		}
	]
}