{
	"Version": 3,
	"Meta": {
		"Duration": 7.961,
		"Fps": 76.00000762939453,
		"Loop": true,
		"AreBeziersRestricted": true,
		"CurveCount": 17,
		"TotalSegmentCount": 453,
		"TotalPointCount": 728,
		"UserDataCount": 0,
		"TotalUserDataSize": 0
	},
	"Curves": [
		{
			"Target": "Parameter",
			"Id": "ParamAngleX",
			"Segments": [
				0,
				0,
				1,
				0.105,
				0,
				0.211,
				5.74,
				0.316,
				9,
				1,
				0.399,
				11.581,
				0.482,
				11.517,
				0.566,
				14,
				1,
				0.64,
				16.222,
				0.715,
				22,
				0.789,
				22,
				1,
				0.851,
				22,
				0.912,
				8,
				0.974,
				8,
				1,
				1.022,
				8,
				1.07,
				17.161,
				1.118,
				18,
				1,
				1.224,
				19.83,
				1.329,
				20.006,
				1.434,
				22,
				1,
				1.509,
				23.412,
				1.583,
				30,
				1.658,
				30,
				1,
				1.746,
				30,
				1.833,
				30,
				1.921,
				30,
				1,
				2.048,
				30,
				2.175,
				28,
				2.303,
				28,
				1,
				2.408,
				28,
				2.513,
				30,
				2.618,
				30,
				1,
				2.728,
				30,
				2.838,
				22.475,
				2.947,
				18,
				1,
				3.061,
				13.346,
				3.175,
				13,
				3.289,
				13,
				1,
				3.382,
				13,
				3.474,
				24,
				3.566,
				24,
				1,
				3.759,
				24,
				3.952,
				24,
				4.145,
				24,
				1,
				4.263,
				24,
				4.382,
				23.415,
				4.5,
				23.415,
				1,
				4.623,
				23.415,
				4.746,
				23.415,
				4.868,
				23.415,
				1,
				5.031,
				23.415,
				5.193,
				30,
				5.355,
				30,
				1,
				5.434,
				30,
				5.513,
				0,
				5.592,
				0,
				1,
				5.697,
				0,
				5.803,
				0,
				5.908,
				0,
				1,
				6.035,
				0,
				6.162,
				13,
				6.289,
				13,
				1,
				6.386,
				13,
				6.482,
				13,
				6.579,
				13,
				1,
				6.675,
				13,
				6.772,
				-30,
				6.868,
				-30,
				1,
				6.987,
				-30,
				7.105,
				-23.159,
				7.224,
				-20,
				1,
				7.338,
				-16.958,
				7.452,
				-17.284,
				7.566,
				-14,
				1,
				7.697,
				-10.21,
				7.829,
				0,
				7.961,
				0
			]
		},
		{
			"Target": "Parameter",
			"Id": "ParamAngleY",
			"Segments": [
				0,
				0,
				1,
				0.105,
				0,
				0.211,
				0,
				0.316,
				0,
				1,
				0.399,
				0,
				0.482,
				0.336,
				0.566,
				0.567,
				1,
				0.64,
				0.774,
				0.715,
				0.744,
				0.789,
				1,
				1,
				0.851,
				1.211,
				0.912,
				8,
				0.974,
				8,
				1,
				1.022,
				8,
				1.07,
				1,
				1.118,
				1,
				1,
				1.224,
				1,
				1.329,
				1,
				1.434,
				1,
				1,
				1.509,
				1,
				1.583,
				-15,
				1.658,
				-15,
				1,
				1.746,
				-15,
				1.833,
				-15,
				1.921,
				-15,
				1,
				2.048,
				-15,
				2.175,
				1,
				2.303,
				1,
				1,
				2.408,
				1,
				2.513,
				-3.32,
				2.618,
				-6,
				1,
				2.728,
				-8.792,
				2.838,
				-9.12,
				2.947,
				-12,
				1,
				3.061,
				-14.995,
				3.175,
				-20,
				3.289,
				-20,
				1,
				3.382,
				-20,
				3.474,
				-5,
				3.566,
				-5,
				1,
				3.759,
				-5,
				3.952,
				-5,
				4.145,
				-5,
				1,
				4.263,
				-5,
				4.382,
				5,
				4.5,
				5,
				1,
				4.623,
				5,
				4.746,
				-4.878,
				4.868,
				-4.878,
				1,
				5.031,
				-4.878,
				5.193,
				14,
				5.355,
				14,
				1,
				5.434,
				14,
				5.513,
				1,
				5.592,
				1,
				1,
				5.697,
				1,
				5.803,
				1,
				5.908,
				1,
				1,
				6.035,
				1,
				6.162,
				2,
				6.289,
				2,
				1,
				6.386,
				2,
				6.482,
				2,
				6.579,
				2,
				1,
				6.675,
				2,
				6.772,
				-8,
				6.868,
				-8,
				1,
				6.987,
				-8,
				7.105,
				0.289,
				7.224,
				6,
				1,
				7.338,
				11.5,
				7.452,
				12,
				7.566,
				12,
				1,
				7.697,
				12,
				7.829,
				0,
				7.961,
				0
			]
		},
		{
			"Target": "Parameter",
			"Id": "ParamAngleZ",
			"Segments": [
				0,
				0,
				1,
				0.105,
				0,
				0.211,
				0,
				0.316,
				0,
				1,
				0.399,
				0,
				0.482,
				1.306,
				0.566,
				3.403,
				1,
				0.64,
				5.28,
				0.715,
				6,
				0.789,
				6,
				1,
				0.851,
				6,
				0.912,
				6,
				0.974,
				6,
				1,
				1.022,
				6,
				1.07,
				6,
				1.118,
				6,
				1,
				1.224,
				6,
				1.329,
				6,
				1.434,
				6,
				1,
				1.509,
				6,
				1.583,
				6,
				1.658,
				6,
				1,
				1.746,
				6,
				1.833,
				6,
				1.921,
				6,
				1,
				2.048,
				6,
				2.175,
				6,
				2.303,
				6,
				1,
				2.408,
				6,
				2.513,
				6,
				2.618,
				6,
				1,
				2.728,
				6,
				2.838,
				-6,
				2.947,
				-6,
				1,
				3.061,
				-6,
				3.175,
				-5.601,
				3.289,
				-2,
				1,
				3.382,
				0.908,
				3.474,
				6,
				3.566,
				6,
				1,
				3.759,
				6,
				3.952,
				6,
				4.145,
				6,
				1,
				4.263,
				6,
				4.382,
				1,
				4.5,
				1,
				1,
				4.623,
				1,
				4.746,
				5.854,
				4.868,
				5.854,
				1,
				4.93,
				5.854,
				4.991,
				3,
				5.053,
				3,
				1,
				5.105,
				3,
				5.158,
				7,
				5.211,
				7,
				1,
				5.259,
				7,
				5.307,
				7,
				5.355,
				7,
				1,
				5.434,
				7,
				5.513,
				0,
				5.592,
				0,
				1,
				5.697,
				0,
				5.803,
				0,
				5.908,
				0,
				1,
				6.035,
				0,
				6.162,
				2,
				6.289,
				2,
				1,
				6.386,
				2,
				6.482,
				2,
				6.579,
				2,
				1,
				6.675,
				2,
				6.772,
				2,
				6.868,
				2,
				1,
				6.987,
				2,
				7.105,
				-1.517,
				7.224,
				-5,
				1,
				7.338,
				-8.354,
				7.452,
				-9,
				7.566,
				-9,
				1,
				7.697,
				-9,
				7.829,
				0,
				7.961,
				0
			]
		},
		{
			"Target": "Parameter",
			"Id": "ParamEyeROpen",
			"Segments": [
				0,
				0.7,
				0,
				0.316,
				0.2,
				0,
				0.566,
				0.2,
				0,
				0.789,
				1,
				0,
				0.974,
				0.72,
				0,
				1.118,
				0.7,
				0,
				1.132,
				0.6,
				0,
				1.434,
				1,
				0,
				1.658,
				0.6,
				0,
				1.921,
				0.5,
				0,
				2.303,
				0.5,
				0,
				2.618,
				0.2,
				0,
				2.947,
				0.453,
				0,
				3.289,
				0.4,
				0,
				3.566,
				0.6,
				0,
				4.145,
				0.6,
				0,
				4.5,
				0.6,
				0,
				4.868,
				0.7,
				0,
				5.053,
				0.8,
				0,
				5.211,
				0.8,
				0,
				5.355,
				0.8,
				0,
				5.592,
				0.4,
				0,
				5.908,
				0.4,
				0,
				6.289,
				0.5,
				0,
				6.579,
				0.4,
				0,
				6.868,
				0.4,
				0,
				7.224,
				0.3,
				0,
				7.566,
				0.7,
				0,
				7.961,
				0.7
			]
		},
		{
			"Target": "Parameter",
			"Id": "ParamEyeRSmile",
			"Segments": [
				0,
				1,
				0,
				0.316,
				1,
				0,
				0.566,
				0.8,
				0,
				0.789,
				1,
				0,
				0.974,
				0.888,
				0,
				1.118,
				0.4,
				0,
				1.132,
				0.4,
				0,
				1.434,
				1,
				0,
				1.658,
				0.9,
				0,
				1.921,
				0.5,
				0,
				2.303,
				0.7,
				0,
				2.618,
				0.4,
				0,
				2.947,
				0.558,
				0,
				3.289,
				0.4,
				0,
				3.566,
				0.5,
				0,
				4.145,
				0.5,
				0,
				4.5,
				1,
				0,
				4.868,
				1,
				0,
				5.053,
				1,
				0,
				5.211,
				0.7,
				0,
				5.355,
				0.9,
				0,
				5.592,
				0.7,
				0,
				5.908,
				0.5,
				0,
				6.289,
				0.4,
				0,
				6.579,
				0.5,
				0,
				6.868,
				0.7,
				0,
				7.224,
				0.5,
				0,
				7.566,
				0.9,
				0,
				7.961,
				1
			]
		},
		{
			"Target": "Parameter",
			"Id": "ParamEyeBallX",
			"Segments": [
				0,
				0,
				0,
				0.316,
				-0.4,
				0,
				0.566,
				0.3,
				0,
				0.789,
				-0.2,
				0,
				0.974,
				0.3,
				0,
				1.118,
				-0.7,
				0,
				1.132,
				-0.3,
				0,
				1.434,
				-0.3,
				0,
				1.658,
				0.3,
				0,
				1.921,
				-0.3,
				0,
				2.303,
				0,
				0,
				2.618,
				-0.3,
				0,
				2.947,
				-0.1,
				0,
				3.289,
				-0.1,
				0,
				3.566,
				-0.3,
				0,
				4.145,
				-0.2,
				0,
				4.5,
				-0.5,
				0,
				4.868,
				-0.3,
				0,
				5.053,
				-0.3,
				0,
				5.211,
				-0.1,
				0,
				5.355,
				0.3,
				0,
				5.592,
				-0.2,
				0,
				5.908,
				-0.2,
				0,
				6.289,
				0.4,
				0,
				6.579,
				-0.1,
				0,
				6.868,
				0.6,
				0,
				7.224,
				-0.1,
				0,
				7.566,
				-0.1,
				0,
				7.961,
				0
			]
		},
		{
			"Target": "Parameter",
			"Id": "ParamEyeBallY",
			"Segments": [
				0,
				0,
				0,
				0.316,
				0.3,
				0,
				0.566,
				0,
				0,
				0.789,
				-0.1,
				0,
				0.974,
				-0.4,
				0,
				1.118,
				-0.4,
				0,
				1.132,
				-0.3,
				0,
				1.434,
				-0.2,
				0,
				1.658,
				0.4,
				0,
				1.921,
				0.4,
				0,
				2.303,
				0.5,
				0,
				2.618,
				-0.3,
				0,
				2.947,
				0.5,
				0,
				3.289,
				0.5,
				0,
				3.566,
				0.3,
				0,
				4.145,
				0.5,
				0,
				4.5,
				-0.4,
				0,
				4.868,
				0.3,
				0,
				5.053,
				-0.2,
				0,
				5.211,
				0,
				0,
				5.355,
				0,
				0,
				5.592,
				-0.2,
				0,
				5.908,
				-0.3,
				0,
				6.289,
				0,
				0,
				6.579,
				0,
				0,
				6.868,
				-0.2,
				0,
				7.224,
				-0.5,
				0,
				7.566,
				-0.5,
				0,
				7.961,
				0
			]
		},
		{
			"Target": "Parameter",
			"Id": "ParamBrowLX",
			"Segments": [
				0,
				-0.111,
				2,
				0.316,
				-0.111,
				2,
				0.566,
				-0.111,
				2,
				0.789,
				-0.111,
				2,
				0.974,
				-0.111,
				2,
				1.118,
				-0.111,
				2,
				1.434,
				-0.111,
				2,
				1.658,
				-0.111,
				2,
				1.921,
				-0.111,
				2,
				2.303,
				-0.111,
				2,
				2.618,
				-0.111,
				2,
				2.947,
				-0.111,
				2,
				3.289,
				-0.111,
				2,
				3.566,
				-0.111,
				2,
				4.145,
				-0.111,
				2,
				4.5,
				-0.111,
				2,
				4.868,
				-0.111,
				2,
				5.592,
				-0.111,
				2,
				5.908,
				-0.111,
				2,
				6.289,
				-0.111,
				2,
				6.579,
				-0.111,
				2,
				6.868,
				-0.111,
				2,
				7.224,
				-0.111,
				2,
				7.566,
				-0.111,
				2,
				7.961,
				-0.111
			]
		},
		{
			"Target": "Parameter",
			"Id": "ParamBrowRX",
			"Segments": [
				0,
				-0.866,
				0,
				0.316,
				-0.866,
				0,
				0.566,
				-0.866,
				0,
				0.789,
				-0.866,
				0,
				0.974,
				-0.866,
				0,
				1.118,
				-0.866,
				0,
				1.434,
				-0.866,
				0,
				1.658,
				-0.866,
				0,
				1.921,
				-0.866,
				0,
				2.303,
				-0.866,
				0,
				2.618,
				-0.866,
				0,
				2.947,
				-0.866,
				0,
				3.289,
				-0.866,
				0,
				3.566,
				-0.866,
				0,
				4.145,
				-0.866,
				0,
				4.5,
				-0.866,
				0,
				4.868,
				-0.866,
				0,
				5.592,
				-0.866,
				0,
				5.908,
				-0.866,
				0,
				6.289,
				-0.866,
				0,
				6.579,
				-0.866,
				0,
				6.868,
				-0.866,
				0,
				7.224,
				-0.866,
				0,
				7.566,
				-0.866,
				0,
				7.961,
				-0.866
			]
		},
		{
			"Target": "Parameter",
			"Id": "ParamBrowLForm",
			"Segments": [
				0,
				0.3,
				0,
				0.316,
				0,
				0,
				0.566,
				0.545,
				0,
				0.605,
				0.4,
				0,
				0.789,
				1,
				0,
				0.974,
				1,
				0,
				1.118,
				-0.5,
				0,
				1.434,
				1,
				0,
				1.658,
				0.1,
				0,
				1.921,
				0.8,
				0,
				2.303,
				0.1,
				0,
				2.618,
				0.7,
				0,
				2.947,
				-0.621,
				0,
				3.289,
				0.3,
				0,
				3.566,
				-0.2,
				0,
				4.145,
				-0.2,
				0,
				4.5,
				-0.153,
				0,
				4.868,
				-0.153,
				0,
				5.053,
				1,
				0,
				5.211,
				1,
				0,
				5.355,
				1,
				0,
				5.592,
				0,
				0,
				5.908,
				-1,
				0,
				6.289,
				0,
				0,
				6.579,
				0.1,
				0,
				6.868,
				1,
				0,
				7.224,
				1,
				0,
				7.566,
				-0.1,
				0,
				7.961,
				0.3
			]
		},
		{
			"Target": "Parameter",
			"Id": "ParamBrowLY",
			"Segments": [
				0,
				-1,
				0,
				0.316,
				-1,
				0,
				0.566,
				0.091,
				0,
				0.605,
				0,
				0,
				0.789,
				1,
				0,
				0.974,
				0.776,
				0,
				1.118,
				-0.7,
				0,
				1.434,
				1,
				0,
				1.658,
				-1,
				0,
				1.921,
				0.7,
				0,
				2.303,
				-1,
				0,
				2.618,
				-1,
				0,
				2.947,
				-0.668,
				0,
				3.289,
				0.5,
				0,
				3.566,
				0,
				0,
				4.145,
				0,
				0,
				4.5,
				-0.093,
				0,
				4.868,
				-0.093,
				0,
				5.053,
				1,
				0,
				5.211,
				1,
				0,
				5.355,
				-1,
				0,
				5.592,
				-0.4,
				0,
				5.908,
				-0.3,
				0,
				6.289,
				-1,
				0,
				6.579,
				-0.4,
				0,
				6.868,
				0.1,
				0,
				7.224,
				0.1,
				0,
				7.566,
				-0.2,
				0,
				7.961,
				-1
			]
		},
		{
			"Target": "Parameter",
			"Id": "ParamBrowRForm",
			"Segments": [
				0,
				-0.449,
				0,
				0.316,
				-0.449,
				0,
				0.566,
				-0.449,
				0,
				0.789,
				-0.449,
				0,
				0.974,
				-0.449,
				0,
				1.118,
				-0.449,
				0,
				1.434,
				-0.449,
				0,
				1.658,
				-0.449,
				0,
				1.921,
				-0.449,
				0,
				2.303,
				-0.449,
				0,
				2.618,
				-0.449,
				0,
				2.947,
				-0.449,
				0,
				3.289,
				-0.449,
				0,
				3.566,
				-0.449,
				0,
				4.145,
				-0.449,
				0,
				4.5,
				-0.449,
				0,
				4.868,
				-0.449,
				0,
				5.592,
				-0.449,
				0,
				5.908,
				-0.449,
				0,
				6.289,
				-0.449,
				0,
				6.579,
				-0.449,
				0,
				6.868,
				-0.449,
				0,
				7.224,
				-0.449,
				0,
				7.566,
				-0.449,
				0,
				7.961,
				-0.449
			]
		},
		{
			"Target": "Parameter",
			"Id": "ParamMouthForm",
			"Segments": [
				0,
				-0.1,
				0,
				0.316,
				1,
				0,
				0.566,
				0.455,
				0,
				0.789,
				0,
				0,
				0.974,
				0.224,
				0,
				1.118,
				0.4,
				0,
				1.434,
				0,
				0,
				1.658,
				-0.4,
				0,
				1.921,
				-0.4,
				0,
				2.303,
				0.3,
				0,
				2.618,
				0.3,
				0,
				2.947,
				0.3,
				0,
				3.289,
				0.3,
				0,
				3.566,
				0.3,
				0,
				4.145,
				0.3,
				0,
				4.5,
				0.263,
				0,
				4.868,
				0.263,
				0,
				5.053,
				0.1,
				0,
				5.211,
				0.1,
				0,
				5.355,
				-0.1,
				0,
				5.592,
				0.9,
				0,
				5.908,
				-1,
				0,
				6.289,
				0,
				0,
				6.579,
				0,
				0,
				6.868,
				0,
				0,
				7.224,
				0,
				0,
				7.566,
				1,
				0,
				7.961,
				-0.1
			]
		},
		{
			"Target": "Parameter",
			"Id": "ParamMouthOpenY",
			"Segments": [
				0,
				0,
				0,
				0.316,
				0,
				0,
				0.566,
				0,
				0,
				0.789,
				0,
				0,
				0.974,
				0,
				0,
				1.118,
				0,
				0,
				1.434,
				0,
				0,
				1.658,
				0,
				0,
				1.921,
				0,
				0,
				2.303,
				0,
				0,
				2.618,
				0,
				0,
				2.947,
				0,
				0,
				3.289,
				0,
				0,
				3.566,
				0,
				0,
				4.145,
				0,
				0,
				4.5,
				0,
				0,
				4.868,
				0,
				0,
				5.053,
				0,
				0,
				5.211,
				0,
				0,
				5.355,
				0,
				0,
				5.592,
				0,
				0,
				5.908,
				0,
				0,
				6.289,
				0,
				0,
				6.579,
				0,
				0,
				6.868,
				0,
				0,
				7.224,
				0,
				0,
				7.566,
				0,
				0,
				7.961,
				0
			]
		},
		{
			"Target": "Parameter",
			"Id": "ParamBodyAngleX",
			"Segments": [
				0,
				0,
				1,
				0.105,
				0,
				0.211,
				0,
				0.316,
				0,
				1,
				0.399,
				0,
				0.482,
				0,
				0.566,
				0,
				1,
				0.64,
				0,
				0.715,
				0,
				0.789,
				0,
				1,
				0.851,
				0,
				0.912,
				0,
				0.974,
				0,
				1,
				1.022,
				0,
				1.07,
				0,
				1.118,
				0,
				1,
				1.224,
				0,
				1.329,
				0,
				1.434,
				0,
				1,
				1.509,
				0,
				1.583,
				0,
				1.658,
				0,
				1,
				1.746,
				0,
				1.833,
				0,
				1.921,
				0,
				1,
				2.048,
				0,
				2.175,
				0,
				2.303,
				0,
				1,
				2.408,
				0,
				2.513,
				0,
				2.618,
				0,
				1,
				2.728,
				0,
				2.838,
				0,
				2.947,
				0,
				1,
				3.061,
				0,
				3.175,
				0,
				3.289,
				0,
				1,
				3.382,
				0,
				3.474,
				0,
				3.566,
				0,
				1,
				3.759,
				0,
				3.952,
				0,
				4.145,
				0,
				1,
				4.263,
				0,
				4.382,
				0,
				4.5,
				0,
				1,
				4.623,
				0,
				4.746,
				-1,
				4.868,
				-1,
				1,
				5.11,
				-1,
				5.351,
				-0.945,
				5.592,
				-0.861,
				1,
				5.697,
				-0.751,
				5.803,
				-1,
				5.908,
				-1,
				1,
				6.035,
				-1,
				6.162,
				-1,
				6.289,
				-1,
				1,
				6.386,
				-1,
				6.482,
				0,
				6.579,
				0,
				1,
				6.675,
				0,
				6.772,
				-1,
				6.868,
				-1,
				1,
				6.987,
				-1,
				7.105,
				0,
				7.224,
				0,
				1,
				7.338,
				0,
				7.452,
				0,
				7.566,
				0,
				1,
				7.697,
				0,
				7.829,
				0,
				7.961,
				0
			]
		},
		{
			"Target": "Parameter",
			"Id": "ParamBodyAngleY",
			"Segments": [
				0,
				0,
				0,
				0.316,
				-10,
				0,
				0.566,
				10,
				0,
				0.789,
				-10,
				0,
				0.961,
				10,
				0,
				0.974,
				0,
				0,
				1.118,
				-10,
				0,
				1.434,
				10,
				0,
				1.658,
				10,
				0,
				1.921,
				-3,
				0,
				1.934,
				-10,
				0,
				2.303,
				10,
				0,
				2.618,
				-10,
				0,
				2.947,
				10,
				0,
				3.289,
				-10,
				0,
				3.566,
				10,
				0,
				3.934,
				-10,
				0,
				4.145,
				10,
				0,
				4.5,
				-10,
				0,
				4.868,
				10,
				0,
				5.053,
				-10,
				0,
				5.211,
				10,
				0,
				5.355,
				-10,
				0,
				5.592,
				10,
				0,
				5.908,
				-10,
				0,
				6.289,
				-10,
				0,
				6.579,
				10,
				0,
				6.868,
				-10,
				0,
				7.224,
				10,
				0,
				7.566,
				-10,
				0,
				7.961,
				0
			]
		},
		{
			"Target": "Parameter",
			"Id": "ParamBodyAngleZ",
			"Segments": [
				0,
				0,
				1,
				0.105,
				0,
				0.211,
				2,
				0.316,
				2,
				1,
				0.399,
				2,
				0.482,
				2.08,
				0.566,
				1,
				1,
				0.64,
				0.034,
				0.715,
				-4,
				0.789,
				-4,
				1,
				0.851,
				-4,
				0.912,
				-2.059,
				0.974,
				-0.532,
				1,
				1.022,
				0.668,
				1.07,
				1.618,
				1.118,
				2,
				1,
				1.224,
				2.833,
				1.329,
				3,
				1.434,
				3,
				1,
				1.509,
				3,
				1.583,
				1,
				1.658,
				1,
				1,
				1.746,
				1,
				1.833,
				1,
				1.921,
				1,
				1,
				2.048,
				1,
				2.175,
				1,
				2.303,
				1,
				1,
				2.408,
				1,
				2.513,
				-5,
				2.618,
				-5,
				1,
				2.728,
				-5,
				2.838,
				1.079,
				2.947,
				1.079,
				1,
				3.061,
				1.079,
				3.175,
				0,
				3.289,
				0,
				1,
				3.382,
				0,
				3.474,
				1.318,
				3.566,
				2,
				1,
				3.689,
				2.91,
				3.811,
				3,
				3.934,
				3,
				1,
				4.004,
				3,
				4.075,
				0,
				4.145,
				0,
				1,
				4.263,
				0,
				4.382,
				0,
				4.5,
				0,
				1,
				4.623,
				0,
				4.746,
				-0.112,
				4.868,
				-1,
				1,
				4.93,
				-1.444,
				4.991,
				-3,
				5.053,
				-3,
				1,
				5.105,
				-3,
				5.158,
				-1.694,
				5.211,
				0,
				1,
				5.259,
				1.553,
				5.307,
				2,
				5.355,
				2,
				1,
				5.434,
				2,
				5.513,
				-3,
				5.592,
				-3,
				1,
				5.697,
				-3,
				5.803,
				-1,
				5.908,
				-1,
				1,
				6.035,
				-1,
				6.162,
				-4,
				6.289,
				-4,
				1,
				6.386,
				-4,
				6.482,
				0,
				6.579,
				0,
				1,
				6.675,
				0,
				6.772,
				-5,
				6.868,
				-5,
				1,
				6.987,
				-5,
				7.105,
				-4.903,
				7.224,
				-3,
				1,
				7.338,
				-1.168,
				7.452,
				2,
				7.566,
				2,
				1,
				7.697,
				2,
				7.829,
				0,
				7.961,
				0
			]
		}
	]
}