{
	"Version": 3,
	"Meta": {
		"Duration": 10.842,
		"Fps": 55.80000686645508,
		"Loop": true,
		"AreBeziersRestricted": true,
		"CurveCount": 17,
		"TotalSegmentCount": 453,
		"TotalPointCount": 728,
		"UserDataCount": 0,
		"TotalUserDataSize": 0
	},
	"Curves": [
		{
			"Target": "Parameter",
			"Id": "ParamAngleX",
			"Segments": [
				0,
				0,
				1,
				0.143,
				0,
				0.287,
				5.74,
				0.43,
				9,
				1,
				0.544,
				11.581,
				0.657,
				11.517,
				0.771,
				14,
				1,
				0.872,
				16.222,
				0.974,
				22,
				1.075,
				22,
				1,
				1.159,
				22,
				1.243,
				8,
				1.326,
				8,
				1,
				1.392,
				8,
				1.458,
				17.161,
				1.523,
				18,
				1,
				1.667,
				19.83,
				1.81,
				20.006,
				1.953,
				22,
				1,
				2.055,
				23.412,
				2.157,
				30,
				2.258,
				30,
				1,
				2.378,
				30,
				2.497,
				30,
				2.616,
				30,
				1,
				2.79,
				30,
				2.963,
				28,
				3.136,
				28,
				1,
				3.28,
				28,
				3.423,
				30,
				3.566,
				30,
				1,
				3.716,
				30,
				3.865,
				22.475,
				4.014,
				18,
				1,
				4.17,
				13.346,
				4.325,
				13,
				4.48,
				13,
				1,
				4.606,
				13,
				4.731,
				24,
				4.857,
				24,
				1,
				5.119,
				24,
				5.382,
				24,
				5.645,
				24,
				1,
				5.806,
				24,
				5.968,
				23.415,
				6.129,
				23.415,
				1,
				6.296,
				23.415,
				6.464,
				23.415,
				6.631,
				23.415,
				1,
				6.852,
				23.415,
				7.073,
				30,
				7.294,
				30,
				1,
				7.401,
				30,
				7.509,
				0,
				7.616,
				0,
				1,
				7.76,
				0,
				7.903,
				0,
				8.047,
				0,
				1,
				8.22,
				0,
				8.393,
				13,
				8.566,
				13,
				1,
				8.698,
				13,
				8.829,
				13,
				8.961,
				13,
				1,
				9.092,
				13,
				9.223,
				-30,
				9.355,
				-30,
				1,
				9.516,
				-30,
				9.677,
				-23.159,
				9.839,
				-20,
				1,
				9.994,
				-16.958,
				10.149,
				-17.284,
				10.305,
				-14,
				1,
				10.484,
				-10.21,
				10.663,
				0,
				10.842,
				0
			]
		},
		{
			"Target": "Parameter",
			"Id": "ParamAngleY",
			"Segments": [
				0,
				0,
				1,
				0.143,
				0,
				0.287,
				0,
				0.43,
				0,
				1,
				0.544,
				0,
				0.657,
				0.336,
				0.771,
				0.567,
				1,
				0.872,
				0.774,
				0.974,
				0.744,
				1.075,
				1,
				1,
				1.159,
				1.211,
				1.243,
				8,
				1.326,
				8,
				1,
				1.392,
				8,
				1.458,
				1,
				1.523,
				1,
				1,
				1.667,
				1,
				1.81,
				1,
				1.953,
				1,
				1,
				2.055,
				1,
				2.157,
				-15,
				2.258,
				-15,
				1,
				2.378,
				-15,
				2.497,
				-15,
				2.616,
				-15,
				1,
				2.79,
				-15,
				2.963,
				1,
				3.136,
				1,
				1,
				3.28,
				1,
				3.423,
				-3.32,
				3.566,
				-6,
				1,
				3.716,
				-8.792,
				3.865,
				-9.12,
				4.014,
				-12,
				1,
				4.17,
				-14.995,
				4.325,
				-20,
				4.48,
				-20,
				1,
				4.606,
				-20,
				4.731,
				-5,
				4.857,
				-5,
				1,
				5.119,
				-5,
				5.382,
				-5,
				5.645,
				-5,
				1,
				5.806,
				-5,
				5.968,
				5,
				6.129,
				5,
				1,
				6.296,
				5,
				6.464,
				-4.878,
				6.631,
				-4.878,
				1,
				6.852,
				-4.878,
				7.073,
				14,
				7.294,
				14,
				1,
				7.401,
				14,
				7.509,
				1,
				7.616,
				1,
				1,
				7.76,
				1,
				7.903,
				1,
				8.047,
				1,
				1,
				8.22,
				1,
				8.393,
				2,
				8.566,
				2,
				1,
				8.698,
				2,
				8.829,
				2,
				8.961,
				2,
				1,
				9.092,
				2,
				9.223,
				-8,
				9.355,
				-8,
				1,
				9.516,
				-8,
				9.677,
				0.289,
				9.839,
				6,
				1,
				9.994,
				11.5,
				10.149,
				12,
				10.305,
				12,
				1,
				10.484,
				12,
				10.663,
				0,
				10.842,
				0
			]
		},
		{
			"Target": "Parameter",
			"Id": "ParamAngleZ",
			"Segments": [
				0,
				0,
				1,
				0.143,
				0,
				0.287,
				0,
				0.43,
				0,
				1,
				0.544,
				0,
				0.657,
				1.306,
				0.771,
				3.403,
				1,
				0.872,
				5.28,
				0.974,
				6,
				1.075,
				6,
				1,
				1.159,
				6,
				1.243,
				6,
				1.326,
				6,
				1,
				1.392,
				6,
				1.458,
				6,
				1.523,
				6,
				1,
				1.667,
				6,
				1.81,
				6,
				1.953,
				6,
				1,
				2.055,
				6,
				2.157,
				6,
				2.258,
				6,
				1,
				2.378,
				6,
				2.497,
				6,
				2.616,
				6,
				1,
				2.79,
				6,
				2.963,
				6,
				3.136,
				6,
				1,
				3.28,
				6,
				3.423,
				6,
				3.566,
				6,
				1,
				3.716,
				6,
				3.865,
				-6,
				4.014,
				-6,
				1,
				4.17,
				-6,
				4.325,
				-5.601,
				4.48,
				-2,
				1,
				4.606,
				0.908,
				4.731,
				6,
				4.857,
				6,
				1,
				5.119,
				6,
				5.382,
				6,
				5.645,
				6,
				1,
				5.806,
				6,
				5.968,
				1,
				6.129,
				1,
				1,
				6.296,
				1,
				6.464,
				5.854,
				6.631,
				5.854,
				1,
				6.714,
				5.854,
				6.798,
				3,
				6.882,
				3,
				1,
				6.953,
				3,
				7.025,
				7,
				7.097,
				7,
				1,
				7.162,
				7,
				7.228,
				7,
				7.294,
				7,
				1,
				7.401,
				7,
				7.509,
				0,
				7.616,
				0,
				1,
				7.76,
				0,
				7.903,
				0,
				8.047,
				0,
				1,
				8.22,
				0,
				8.393,
				2,
				8.566,
				2,
				1,
				8.698,
				2,
				8.829,
				2,
				8.961,
				2,
				1,
				9.092,
				2,
				9.223,
				2,
				9.355,
				2,
				1,
				9.516,
				2,
				9.677,
				-1.517,
				9.839,
				-5,
				1,
				9.994,
				-8.354,
				10.149,
				-9,
				10.305,
				-9,
				1,
				10.484,
				-9,
				10.663,
				0,
				10.842,
				0
			]
		},
		{
			"Target": "Parameter",
			"Id": "ParamEyeROpen",
			"Segments": [
				0,
				0.7,
				0,
				0.43,
				0.2,
				0,
				0.771,
				0.2,
				0,
				1.075,
				1,
				0,
				1.326,
				0.72,
				0,
				1.523,
				0.7,
				0,
				1.541,
				0.6,
				0,
				1.953,
				1,
				0,
				2.258,
				0.6,
				0,
				2.616,
				0.5,
				0,
				3.136,
				0.5,
				0,
				3.566,
				0.2,
				0,
				4.014,
				0.453,
				0,
				4.48,
				0.4,
				0,
				4.857,
				0.6,
				0,
				5.645,
				0.6,
				0,
				6.129,
				0.6,
				0,
				6.631,
				0.7,
				0,
				6.882,
				0.8,
				0,
				7.097,
				0.8,
				0,
				7.294,
				0.8,
				0,
				7.616,
				0.4,
				0,
				8.047,
				0.4,
				0,
				8.566,
				0.5,
				0,
				8.961,
				0.4,
				0,
				9.355,
				0.4,
				0,
				9.839,
				0.3,
				0,
				10.305,
				0.7,
				0,
				10.842,
				0.7
			]
		},
		{
			"Target": "Parameter",
			"Id": "ParamEyeRSmile",
			"Segments": [
				0,
				1,
				0,
				0.43,
				1,
				0,
				0.771,
				0.8,
				0,
				1.075,
				1,
				0,
				1.326,
				0.888,
				0,
				1.523,
				0.4,
				0,
				1.541,
				0.4,
				0,
				1.953,
				1,
				0,
				2.258,
				0.9,
				0,
				2.616,
				0.5,
				0,
				3.136,
				0.7,
				0,
				3.566,
				0.4,
				0,
				4.014,
				0.558,
				0,
				4.48,
				0.4,
				0,
				4.857,
				0.5,
				0,
				5.645,
				0.5,
				0,
				6.129,
				1,
				0,
				6.631,
				1,
				0,
				6.882,
				1,
				0,
				7.097,
				0.7,
				0,
				7.294,
				0.9,
				0,
				7.616,
				0.7,
				0,
				8.047,
				0.5,
				0,
				8.566,
				0.4,
				0,
				8.961,
				0.5,
				0,
				9.355,
				0.7,
				0,
				9.839,
				0.5,
				0,
				10.305,
				0.9,
				0,
				10.842,
				1
			]
		},
		{
			"Target": "Parameter",
			"Id": "ParamEyeBallX",
			"Segments": [
				0,
				0,
				0,
				0.43,
				-0.4,
				0,
				0.771,
				0.3,
				0,
				1.075,
				-0.2,
				0,
				1.326,
				0.3,
				0,
				1.523,
				-0.7,
				0,
				1.541,
				-0.3,
				0,
				1.953,
				-0.3,
				0,
				2.258,
				0.3,
				0,
				2.616,
				-0.3,
				0,
				3.136,
				0,
				0,
				3.566,
				-0.3,
				0,
				4.014,
				-0.1,
				0,
				4.48,
				-0.1,
				0,
				4.857,
				-0.3,
				0,
				5.645,
				-0.2,
				0,
				6.129,
				-0.5,
				0,
				6.631,
				-0.3,
				0,
				6.882,
				-0.3,
				0,
				7.097,
				-0.1,
				0,
				7.294,
				0.3,
				0,
				7.616,
				-0.2,
				0,
				8.047,
				-0.2,
				0,
				8.566,
				0.4,
				0,
				8.961,
				-0.1,
				0,
				9.355,
				0.6,
				0,
				9.839,
				-0.1,
				0,
				10.305,
				-0.1,
				0,
				10.842,
				0
			]
		},
		{
			"Target": "Parameter",
			"Id": "ParamEyeBallY",
			"Segments": [
				0,
				0,
				0,
				0.43,
				0.3,
				0,
				0.771,
				0,
				0,
				1.075,
				-0.1,
				0,
				1.326,
				-0.4,
				0,
				1.523,
				-0.4,
				0,
				1.541,
				-0.3,
				0,
				1.953,
				-0.2,
				0,
				2.258,
				0.4,
				0,
				2.616,
				0.4,
				0,
				3.136,
				0.5,
				0,
				3.566,
				-0.3,
				0,
				4.014,
				0.5,
				0,
				4.48,
				0.5,
				0,
				4.857,
				0.3,
				0,
				5.645,
				0.5,
				0,
				6.129,
				-0.4,
				0,
				6.631,
				0.3,
				0,
				6.882,
				-0.2,
				0,
				7.097,
				0,
				0,
				7.294,
				0,
				0,
				7.616,
				-0.2,
				0,
				8.047,
				-0.3,
				0,
				8.566,
				0,
				0,
				8.961,
				0,
				0,
				9.355,
				-0.2,
				0,
				9.839,
				-0.5,
				0,
				10.305,
				-0.5,
				0,
				10.842,
				0
			]
		},
		{
			"Target": "Parameter",
			"Id": "ParamBrowLX",
			"Segments": [
				0,
				-0.111,
				2,
				0.43,
				-0.111,
				2,
				0.771,
				-0.111,
				2,
				1.075,
				-0.111,
				2,
				1.326,
				-0.111,
				2,
				1.523,
				-0.111,
				2,
				1.953,
				-0.111,
				2,
				2.258,
				-0.111,
				2,
				2.616,
				-0.111,
				2,
				3.136,
				-0.111,
				2,
				3.566,
				-0.111,
				2,
				4.014,
				-0.111,
				2,
				4.48,
				-0.111,
				2,
				4.857,
				-0.111,
				2,
				5.645,
				-0.111,
				2,
				6.129,
				-0.111,
				2,
				6.631,
				-0.111,
				2,
				7.616,
				-0.111,
				2,
				8.047,
				-0.111,
				2,
				8.566,
				-0.111,
				2,
				8.961,
				-0.111,
				2,
				9.355,
				-0.111,
				2,
				9.839,
				-0.111,
				2,
				10.305,
				-0.111,
				2,
				10.842,
				-0.111
			]
		},
		{
			"Target": "Parameter",
			"Id": "ParamBrowRX",
			"Segments": [
				0,
				-0.866,
				0,
				0.43,
				-0.866,
				0,
				0.771,
				-0.866,
				0,
				1.075,
				-0.866,
				0,
				1.326,
				-0.866,
				0,
				1.523,
				-0.866,
				0,
				1.953,
				-0.866,
				0,
				2.258,
				-0.866,
				0,
				2.616,
				-0.866,
				0,
				3.136,
				-0.866,
				0,
				3.566,
				-0.866,
				0,
				4.014,
				-0.866,
				0,
				4.48,
				-0.866,
				0,
				4.857,
				-0.866,
				0,
				5.645,
				-0.866,
				0,
				6.129,
				-0.866,
				0,
				6.631,
				-0.866,
				0,
				7.616,
				-0.866,
				0,
				8.047,
				-0.866,
				0,
				8.566,
				-0.866,
				0,
				8.961,
				-0.866,
				0,
				9.355,
				-0.866,
				0,
				9.839,
				-0.866,
				0,
				10.305,
				-0.866,
				0,
				10.842,
				-0.866
			]
		},
		{
			"Target": "Parameter",
			"Id": "ParamBrowLForm",
			"Segments": [
				0,
				0.3,
				0,
				0.43,
				0,
				0,
				0.771,
				0.545,
				0,
				0.824,
				0.4,
				0,
				1.075,
				1,
				0,
				1.326,
				1,
				0,
				1.523,
				-0.5,
				0,
				1.953,
				1,
				0,
				2.258,
				0.1,
				0,
				2.616,
				0.8,
				0,
				3.136,
				0.1,
				0,
				3.566,
				0.7,
				0,
				4.014,
				-0.621,
				0,
				4.48,
				0.3,
				0,
				4.857,
				-0.2,
				0,
				5.645,
				-0.2,
				0,
				6.129,
				-0.153,
				0,
				6.631,
				-0.153,
				0,
				6.882,
				1,
				0,
				7.097,
				1,
				0,
				7.294,
				1,
				0,
				7.616,
				0,
				0,
				8.047,
				-1,
				0,
				8.566,
				0,
				0,
				8.961,
				0.1,
				0,
				9.355,
				1,
				0,
				9.839,
				1,
				0,
				10.305,
				-0.1,
				0,
				10.842,
				0.3
			]
		},
		{
			"Target": "Parameter",
			"Id": "ParamBrowLY",
			"Segments": [
				0,
				-1,
				0,
				0.43,
				-1,
				0,
				0.771,
				0.091,
				0,
				0.824,
				0,
				0,
				1.075,
				1,
				0,
				1.326,
				0.776,
				0,
				1.523,
				-0.7,
				0,
				1.953,
				1,
				0,
				2.258,
				-1,
				0,
				2.616,
				0.7,
				0,
				3.136,
				-1,
				0,
				3.566,
				-1,
				0,
				4.014,
				-0.668,
				0,
				4.48,
				0.5,
				0,
				4.857,
				0,
				0,
				5.645,
				0,
				0,
				6.129,
				-0.093,
				0,
				6.631,
				-0.093,
				0,
				6.882,
				1,
				0,
				7.097,
				1,
				0,
				7.294,
				-1,
				0,
				7.616,
				-0.4,
				0,
				8.047,
				-0.3,
				0,
				8.566,
				-1,
				0,
				8.961,
				-0.4,
				0,
				9.355,
				0.1,
				0,
				9.839,
				0.1,
				0,
				10.305,
				-0.2,
				0,
				10.842,
				-1
			]
		},
		{
			"Target": "Parameter",
			"Id": "ParamBrowRForm",
			"Segments": [
				0,
				-0.449,
				0,
				0.43,
				-0.449,
				0,
				0.771,
				-0.449,
				0,
				1.075,
				-0.449,
				0,
				1.326,
				-0.449,
				0,
				1.523,
				-0.449,
				0,
				1.953,
				-0.449,
				0,
				2.258,
				-0.449,
				0,
				2.616,
				-0.449,
				0,
				3.136,
				-0.449,
				0,
				3.566,
				-0.449,
				0,
				4.014,
				-0.449,
				0,
				4.48,
				-0.449,
				0,
				4.857,
				-0.449,
				0,
				5.645,
				-0.449,
				0,
				6.129,
				-0.449,
				0,
				6.631,
				-0.449,
				0,
				7.616,
				-0.449,
				0,
				8.047,
				-0.449,
				0,
				8.566,
				-0.449,
				0,
				8.961,
				-0.449,
				0,
				9.355,
				-0.449,
				0,
				9.839,
				-0.449,
				0,
				10.305,
				-0.449,
				0,
				10.842,
				-0.449
			]
		},
		{
			"Target": "Parameter",
			"Id": "ParamMouthForm",
			"Segments": [
				0,
				-0.1,
				0,
				0.43,
				1,
				0,
				0.771,
				0.455,
				0,
				1.075,
				0,
				0,
				1.326,
				0.224,
				0,
				1.523,
				0.4,
				0,
				1.953,
				0,
				0,
				2.258,
				-0.4,
				0,
				2.616,
				-0.4,
				0,
				3.136,
				0.3,
				0,
				3.566,
				0.3,
				0,
				4.014,
				0.3,
				0,
				4.48,
				0.3,
				0,
				4.857,
				0.3,
				0,
				5.645,
				0.3,
				0,
				6.129,
				0.263,
				0,
				6.631,
				0.263,
				0,
				6.882,
				0.1,
				0,
				7.097,
				0.1,
				0,
				7.294,
				-0.1,
				0,
				7.616,
				0.9,
				0,
				8.047,
				-1,
				0,
				8.566,
				0,
				0,
				8.961,
				0,
				0,
				9.355,
				0,
				0,
				9.839,
				0,
				0,
				10.305,
				1,
				0,
				10.842,
				-0.1
			]
		},
		{
			"Target": "Parameter",
			"Id": "ParamMouthOpenY",
			"Segments": [
				0,
				0,
				0,
				0.43,
				0,
				0,
				0.771,
				0,
				0,
				1.075,
				0,
				0,
				1.326,
				0,
				0,
				1.523,
				0,
				0,
				1.953,
				0,
				0,
				2.258,
				0,
				0,
				2.616,
				0,
				0,
				3.136,
				0,
				0,
				3.566,
				0,
				0,
				4.014,
				0,
				0,
				4.48,
				0,
				0,
				4.857,
				0,
				0,
				5.645,
				0,
				0,
				6.129,
				0,
				0,
				6.631,
				0,
				0,
				6.882,
				0,
				0,
				7.097,
				0,
				0,
				7.294,
				0,
				0,
				7.616,
				0,
				0,
				8.047,
				0,
				0,
				8.566,
				0,
				0,
				8.961,
				0,
				0,
				9.355,
				0,
				0,
				9.839,
				0,
				0,
				10.305,
				0,
				0,
				10.842,
				0
			]
		},
		{
			"Target": "Parameter",
			"Id": "ParamBodyAngleX",
			"Segments": [
				0,
				0,
				1,
				0.143,
				0,
				0.287,
				0,
				0.43,
				0,
				1,
				0.544,
				0,
				0.657,
				0,
				0.771,
				0,
				1,
				0.872,
				0,
				0.974,
				0,
				1.075,
				0,
				1,
				1.159,
				0,
				1.243,
				0,
				1.326,
				0,
				1,
				1.392,
				0,
				1.458,
				0,
				1.523,
				0,
				1,
				1.667,
				0,
				1.81,
				0,
				1.953,
				0,
				1,
				2.055,
				0,
				2.157,
				0,
				2.258,
				0,
				1,
				2.378,
				0,
				2.497,
				0,
				2.616,
				0,
				1,
				2.79,
				0,
				2.963,
				0,
				3.136,
				0,
				1,
				3.28,
				0,
				3.423,
				0,
				3.566,
				0,
				1,
				3.716,
				0,
				3.865,
				0,
				4.014,
				0,
				1,
				4.17,
				0,
				4.325,
				0,
				4.48,
				0,
				1,
				4.606,
				0,
				4.731,
				0,
				4.857,
				0,
				1,
				5.119,
				0,
				5.382,
				0,
				5.645,
				0,
				1,
				5.806,
				0,
				5.968,
				0,
				6.129,
				0,
				1,
				6.296,
				0,
				6.464,
				-1,
				6.631,
				-1,
				1,
				6.959,
				-1,
				7.288,
				-0.945,
				7.616,
				-0.861,
				1,
				7.76,
				-0.751,
				7.903,
				-1,
				8.047,
				-1,
				1,
				8.22,
				-1,
				8.393,
				-1,
				8.566,
				-1,
				1,
				8.698,
				-1,
				8.829,
				0,
				8.961,
				0,
				1,
				9.092,
				0,
				9.223,
				-1,
				9.355,
				-1,
				1,
				9.516,
				-1,
				9.677,
				0,
				9.839,
				0,
				1,
				9.994,
				0,
				10.149,
				0,
				10.305,
				0,
				1,
				10.484,
				0,
				10.663,
				0,
				10.842,
				0
			]
		},
		{
			"Target": "Parameter",
			"Id": "ParamBodyAngleY",
			"Segments": [
				0,
				0,
				0,
				0.43,
				-10,
				0,
				0.771,
				10,
				0,
				1.075,
				-10,
				0,
				1.308,
				10,
				0,
				1.326,
				0,
				0,
				1.523,
				-10,
				0,
				1.953,
				10,
				0,
				2.258,
				10,
				0,
				2.616,
				-3,
				0,
				2.634,
				-10,
				0,
				3.136,
				10,
				0,
				3.566,
				-10,
				0,
				4.014,
				10,
				0,
				4.48,
				-10,
				0,
				4.857,
				10,
				0,
				5.358,
				-10,
				0,
				5.645,
				10,
				0,
				6.129,
				-10,
				0,
				6.631,
				10,
				0,
				6.882,
				-10,
				0,
				7.097,
				10,
				0,
				7.294,
				-10,
				0,
				7.616,
				10,
				0,
				8.047,
				-10,
				0,
				8.566,
				-10,
				0,
				8.961,
				10,
				0,
				9.355,
				-10,
				0,
				9.839,
				10,
				0,
				10.305,
				-10,
				0,
				10.842,
				0
			]
		},
		{
			"Target": "Parameter",
			"Id": "ParamBodyAngleZ",
			"Segments": [
				0,
				0,
				1,
				0.143,
				0,
				0.287,
				2,
				0.43,
				2,
				1,
				0.544,
				2,
				0.657,
				2.08,
				0.771,
				1,
				1,
				0.872,
				0.034,
				0.974,
				-4,
				1.075,
				-4,
				1,
				1.159,
				-4,
				1.243,
				-2.059,
				1.326,
				-0.532,
				1,
				1.392,
				0.668,
				1.458,
				1.618,
				1.523,
				2,
				1,
				1.667,
				2.833,
				1.81,
				3,
				1.953,
				3,
				1,
				2.055,
				3,
				2.157,
				1,
				2.258,
				1,
				1,
				2.378,
				1,
				2.497,
				1,
				2.616,
				1,
				1,
				2.79,
				1,
				2.963,
				1,
				3.136,
				1,
				1,
				3.28,
				1,
				3.423,
				-5,
				3.566,
				-5,
				1,
				3.716,
				-5,
				3.865,
				1.079,
				4.014,
				1.079,
				1,
				4.17,
				1.079,
				4.325,
				0,
				4.48,
				0,
				1,
				4.606,
				0,
				4.731,
				1.318,
				4.857,
				2,
				1,
				5.024,
				2.91,
				5.191,
				3,
				5.358,
				3,
				1,
				5.454,
				3,
				5.55,
				0,
				5.645,
				0,
				1,
				5.806,
				0,
				5.968,
				0,
				6.129,
				0,
				1,
				6.296,
				0,
				6.464,
				-0.112,
				6.631,
				-1,
				1,
				6.714,
				-1.444,
				6.798,
				-3,
				6.882,
				-3,
				1,
				6.953,
				-3,
				7.025,
				-1.694,
				7.097,
				0,
				1,
				7.162,
				1.553,
				7.228,
				2,
				7.294,
				2,
				1,
				7.401,
				2,
				7.509,
				-3,
				7.616,
				-3,
				1,
				7.76,
				-3,
				7.903,
				-1,
				8.047,
				-1,
				1,
				8.22,
				-1,
				8.393,
				-4,
				8.566,
				-4,
				1,
				8.698,
				-4,
				8.829,
				0,
				8.961,
				0,
				1,
				9.092,
				0,
				9.223,
				-5,
				9.355,
				-5,
				1,
				9.516,
				-5,
				9.677,
				-4.903,
				9.839,
				-3,
				1,
				9.994,
				-1.168,
				10.149,
				2,
				10.305,
				2,
				1,
				10.484,
				2,
				10.663,
				0,
				10.842,
				0
			]
		}
	]
}