{
	"Version": 3,
	"Meta": {
		"Duration": 5.042,
		"Fps": 120.0,
		"Loop": true,
		"AreBeziersRestricted": true,
		"CurveCount": 17,
		"TotalSegmentCount": 453,
		"TotalPointCount": 728,
		"UserDataCount": 0,
		"TotalUserDataSize": 0
	},
	"Curves": [
		{
			"Target": "Parameter",
			"Id": "ParamAngleX",
			"Segments": [
				0,
				0,
				1,
				0.067,
				0,
				0.133,
				5.74,
				0.2,
				9,
				1,
				0.253,
				11.581,
				0.306,
				11.517,
				0.358,
				14,
				1,
				0.406,
				16.222,
				0.453,
				22,
				0.5,
				22,
				1,
				0.539,
				22,
				0.578,
				8,
				0.617,
				8,
				1,
				0.647,
				8,
				0.678,
				17.161,
				0.708,
				18,
				1,
				0.775,
				19.83,
				0.842,
				20.006,
				0.908,
				22,
				1,
				0.956,
				23.412,
				1.003,
				30,
				1.05,
				30,
				1,
				1.106,
				30,
				1.161,
				30,
				1.217,
				30,
				1,
				1.297,
				30,
				1.378,
				28,
				1.458,
				28,
				1,
				1.525,
				28,
				1.592,
				30,
				1.658,
				30,
				1,
				1.728,
				30,
				1.797,
				22.475,
				1.867,
				18,
				1,
				1.939,
				13.346,
				2.011,
				13,
				2.083,
				13,
				1,
				2.142,
				13,
				2.2,
				24,
				2.258,
				24,
				1,
				2.381,
				24,
				2.503,
				24,
				2.625,
				24,
				1,
				2.7,
				24,
				2.775,
				23.415,
				2.85,
				23.415,
				1,
				2.928,
				23.415,
				3.006,
				23.415,
				3.083,
				23.415,
				1,
				3.186,
				23.415,
				3.289,
				30,
				3.392,
				30,
				1,
				3.442,
				30,
				3.492,
				0,
				3.542,
				0,
				1,
				3.608,
				0,
				3.675,
				0,
				3.742,
				0,
				1,
				3.822,
				0,
				3.903,
				13,
				3.983,
				13,
				1,
				4.044,
				13,
				4.106,
				13,
				4.167,
				13,
				1,
				4.228,
				13,
				4.289,
				-30,
				4.35,
				-30,
				1,
				4.425,
				-30,
				4.5,
				-23.159,
				4.575,
				-20,
				1,
				4.647,
				-16.958,
				4.719,
				-17.284,
				4.792,
				-14,
				1,
				4.875,
				-10.21,
				4.958,
				0,
				5.042,
				0
			]
		},
		{
			"Target": "Parameter",
			"Id": "ParamAngleY",
			"Segments": [
				0,
				0,
				1,
				0.067,
				0,
				0.133,
				0,
				0.2,
				0,
				1,
				0.253,
				0,
				0.306,
				0.336,
				0.358,
				0.567,
				1,
				0.406,
				0.774,
				0.453,
				0.744,
				0.5,
				1,
				1,
				0.539,
				1.211,
				0.578,
				8,
				0.617,
				8,
				1,
				0.647,
				8,
				0.678,
				1,
				0.708,
				1,
				1,
				0.775,
				1,
				0.842,
				1,
				0.908,
				1,
				1,
				0.956,
				1,
				1.003,
				-15,
				1.05,
				-15,
				1,
				1.106,
				-15,
				1.161,
				-15,
				1.217,
				-15,
				1,
				1.297,
				-15,
				1.378,
				1,
				1.458,
				1,
				1,
				1.525,
				1,
				1.592,
				-3.32,
				1.658,
				-6,
				1,
				1.728,
				-8.792,
				1.797,
				-9.12,
				1.867,
				-12,
				1,
				1.939,
				-14.995,
				2.011,
				-20,
				2.083,
				-20,
				1,
				2.142,
				-20,
				2.2,
				-5,
				2.258,
				-5,
				1,
				2.381,
				-5,
				2.503,
				-5,
				2.625,
				-5,
				1,
				2.7,
				-5,
				2.775,
				5,
				2.85,
				5,
				1,
				2.928,
				5,
				3.006,
				-4.878,
				3.083,
				-4.878,
				1,
				3.186,
				-4.878,
				3.289,
				14,
				3.392,
				14,
				1,
				3.442,
				14,
				3.492,
				1,
				3.542,
				1,
				1,
				3.608,
				1,
				3.675,
				1,
				3.742,
				1,
				1,
				3.822,
				1,
				3.903,
				2,
				3.983,
				2,
				1,
				4.044,
				2,
				4.106,
				2,
				4.167,
				2,
				1,
				4.228,
				2,
				4.289,
				-8,
				4.35,
				-8,
				1,
				4.425,
				-8,
				4.5,
				0.289,
				4.575,
				6,
				1,
				4.647,
				11.5,
				4.719,
				12,
				4.792,
				12,
				1,
				4.875,
				12,
				4.958,
				0,
				5.042,
				0
			]
		},
		{
			"Target": "Parameter",
			"Id": "ParamAngleZ",
			"Segments": [
				0,
				0,
				1,
				0.067,
				0,
				0.133,
				0,
				0.2,
				0,
				1,
				0.253,
				0,
				0.306,
				1.306,
				0.358,
				3.403,
				1,
				0.406,
				5.28,
				0.453,
				6,
				0.5,
				6,
				1,
				0.539,
				6,
				0.578,
				6,
				0.617,
				6,
				1,
				0.647,
				6,
				0.678,
				6,
				0.708,
				6,
				1,
				0.775,
				6,
				0.842,
				6,
				0.908,
				6,
				1,
				0.956,
				6,
				1.003,
				6,
				1.05,
				6,
				1,
				1.106,
				6,
				1.161,
				6,
				1.217,
				6,
				1,
				1.297,
				6,
				1.378,
				6,
				1.458,
				6,
				1,
				1.525,
				6,
				1.592,
				6,
				1.658,
				6,
				1,
				1.728,
				6,
				1.797,
				-6,
				1.867,
				-6,
				1,
				1.939,
				-6,
				2.011,
				-5.601,
				2.083,
				-2,
				1,
				2.142,
				0.908,
				2.2,
				6,
				2.258,
				6,
				1,
				2.381,
				6,
				2.503,
				6,
				2.625,
				6,
				1,
				2.7,
				6,
				2.775,
				1,
				2.85,
				1,
				1,
				2.928,
				1,
				3.006,
				5.854,
				3.083,
				5.854,
				1,
				3.122,
				5.854,
				3.161,
				3,
				3.2,
				3,
				1,
				3.233,
				3,
				3.267,
				7,
				3.3,
				7,
				1,
				3.331,
				7,
				3.361,
				7,
				3.392,
				7,
				1,
				3.442,
				7,
				3.492,
				0,
				3.542,
				0,
				1,
				3.608,
				0,
				3.675,
				0,
				3.742,
				0,
				1,
				3.822,
				0,
				3.903,
				2,
				3.983,
				2,
				1,
				4.044,
				2,
				4.106,
				2,
				4.167,
				2,
				1,
				4.228,
				2,
				4.289,
				2,
				4.35,
				2,
				1,
				4.425,
				2,
				4.5,
				-1.517,
				4.575,
				-5,
				1,
				4.647,
				-8.354,
				4.719,
				-9,
				4.792,
				-9,
				1,
				4.875,
				-9,
				4.958,
				0,
				5.042,
				0
			]
		},
		{
			"Target": "Parameter",
			"Id": "ParamEyeROpen",
			"Segments": [
				0,
				0.7,
				0,
				0.2,
				0.2,
				0,
				0.358,
				0.2,
				0,
				0.5,
				1,
				0,
				0.617,
				0.72,
				0,
				0.708,
				0.7,
				0,
				0.717,
				0.6,
				0,
				0.908,
				1,
				0,
				1.05,
				0.6,
				0,
				1.217,
				0.5,
				0,
				1.458,
				0.5,
				0,
				1.658,
				0.2,
				0,
				1.867,
				0.453,
				0,
				2.083,
				0.4,
				0,
				2.258,
				0.6,
				0,
				2.625,
				0.6,
				0,
				2.85,
				0.6,
				0,
				3.083,
				0.7,
				0,
				3.2,
				0.8,
				0,
				3.3,
				0.8,
				0,
				3.392,
				0.8,
				0,
				3.542,
				0.4,
				0,
				3.742,
				0.4,
				0,
				3.983,
				0.5,
				0,
				4.167,
				0.4,
				0,
				4.35,
				0.4,
				0,
				4.575,
				0.3,
				0,
				4.792,
				0.7,
				0,
				5.042,
				0.7
			]
		},
		{
			"Target": "Parameter",
			"Id": "ParamEyeRSmile",
			"Segments": [
				0,
				1,
				0,
				0.2,
				1,
				0,
				0.358,
				0.8,
				0,
				0.5,
				1,
				0,
				0.617,
				0.888,
				0,
				0.708,
				0.4,
				0,
				0.717,
				0.4,
				0,
				0.908,
				1,
				0,
				1.05,
				0.9,
				0,
				1.217,
				0.5,
				0,
				1.458,
				0.7,
				0,
				1.658,
				0.4,
				0,
				1.867,
				0.558,
				0,
				2.083,
				0.4,
				0,
				2.258,
				0.5,
				0,
				2.625,
				0.5,
				0,
				2.85,
				1,
				0,
				3.083,
				1,
				0,
				3.2,
				1,
				0,
				3.3,
				0.7,
				0,
				3.392,
				0.9,
				0,
				3.542,
				0.7,
				0,
				3.742,
				0.5,
				0,
				3.983,
				0.4,
				0,
				4.167,
				0.5,
				0,
				4.35,
				0.7,
				0,
				4.575,
				0.5,
				0,
				4.792,
				0.9,
				0,
				5.042,
				1
			]
		},
		{
			"Target": "Parameter",
			"Id": "ParamEyeBallX",
			"Segments": [
				0,
				0,
				0,
				0.2,
				-0.4,
				0,
				0.358,
				0.3,
				0,
				0.5,
				-0.2,
				0,
				0.617,
				0.3,
				0,
				0.708,
				-0.7,
				0,
				0.717,
				-0.3,
				0,
				0.908,
				-0.3,
				0,
				1.05,
				0.3,
				0,
				1.217,
				-0.3,
				0,
				1.458,
				0,
				0,
				1.658,
				-0.3,
				0,
				1.867,
				-0.1,
				0,
				2.083,
				-0.1,
				0,
				2.258,
				-0.3,
				0,
				2.625,
				-0.2,
				0,
				2.85,
				-0.5,
				0,
				3.083,
				-0.3,
				0,
				3.2,
				-0.3,
				0,
				3.3,
				-0.1,
				0,
				3.392,
				0.3,
				0,
				3.542,
				-0.2,
				0,
				3.742,
				-0.2,
				0,
				3.983,
				0.4,
				0,
				4.167,
				-0.1,
				0,
				4.35,
				0.6,
				0,
				4.575,
				-0.1,
				0,
				4.792,
				-0.1,
				0,
				5.042,
				0
			]
		},
		{
			"Target": "Parameter",
			"Id": "ParamEyeBallY",
			"Segments": [
				0,
				0,
				0,
				0.2,
				0.3,
				0,
				0.358,
				0,
				0,
				0.5,
				-0.1,
				0,
				0.617,
				-0.4,
				0,
				0.708,
				-0.4,
				0,
				0.717,
				-0.3,
				0,
				0.908,
				-0.2,
				0,
				1.05,
				0.4,
				0,
				1.217,
				0.4,
				0,
				1.458,
				0.5,
				0,
				1.658,
				-0.3,
				0,
				1.867,
				0.5,
				0,
				2.083,
				0.5,
				0,
				2.258,
				0.3,
				0,
				2.625,
				0.5,
				0,
				2.85,
				-0.4,
				0,
				3.083,
				0.3,
				0,
				3.2,
				-0.2,
				0,
				3.3,
				0,
				0,
				3.392,
				0,
				0,
				3.542,
				-0.2,
				0,
				3.742,
				-0.3,
				0,
				3.983,
				0,
				0,
				4.167,
				0,
				0,
				4.35,
				-0.2,
				0,
				4.575,
				-0.5,
				0,
				4.792,
				-0.5,
				0,
				5.042,
				0
			]
		},
		{
			"Target": "Parameter",
			"Id": "ParamBrowLX",
			"Segments": [
				0,
				-0.111,
				2,
				0.2,
				-0.111,
				2,
				0.358,
				-0.111,
				2,
				0.5,
				-0.111,
				2,
				0.617,
				-0.111,
				2,
				0.708,
				-0.111,
				2,
				0.908,
				-0.111,
				2,
				1.05,
				-0.111,
				2,
				1.217,
				-0.111,
				2,
				1.458,
				-0.111,
				2,
				1.658,
				-0.111,
				2,
				1.867,
				-0.111,
				2,
				2.083,
				-0.111,
				2,
				2.258,
				-0.111,
				2,
				2.625,
				-0.111,
				2,
				2.85,
				-0.111,
				2,
				3.083,
				-0.111,
				2,
				3.542,
				-0.111,
				2,
				3.742,
				-0.111,
				2,
				3.983,
				-0.111,
				2,
				4.167,
				-0.111,
				2,
				4.35,
				-0.111,
				2,
				4.575,
				-0.111,
				2,
				4.792,
				-0.111,
				2,
				5.042,
				-0.111
			]
		},
		{
			"Target": "Parameter",
			"Id": "ParamBrowRX",
			"Segments": [
				0,
				-0.866,
				0,
				0.2,
				-0.866,
				0,
				0.358,
				-0.866,
				0,
				0.5,
				-0.866,
				0,
				0.617,
				-0.866,
				0,
				0.708,
				-0.866,
				0,
				0.908,
				-0.866,
				0,
				1.05,
				-0.866,
				0,
				1.217,
				-0.866,
				0,
				1.458,
				-0.866,
				0,
				1.658,
				-0.866,
				0,
				1.867,
				-0.866,
				0,
				2.083,
				-0.866,
				0,
				2.258,
				-0.866,
				0,
				2.625,
				-0.866,
				0,
				2.85,
				-0.866,
				0,
				3.083,
				-0.866,
				0,
				3.542,
				-0.866,
				0,
				3.742,
				-0.866,
				0,
				3.983,
				-0.866,
				0,
				4.167,
				-0.866,
				0,
				4.35,
				-0.866,
				0,
				4.575,
				-0.866,
				0,
				4.792,
				-0.866,
				0,
				5.042,
				-0.866
			]
		},
		{
			"Target": "Parameter",
			"Id": "ParamBrowLForm",
			"Segments": [
				0,
				0.3,
				0,
				0.2,
				0,
				0,
				0.358,
				0.545,
				0,
				0.383,
				0.4,
				0,
				0.5,
				1,
				0,
				0.617,
				1,
				0,
				0.708,
				-0.5,
				0,
				0.908,
				1,
				0,
				1.05,
				0.1,
				0,
				1.217,
				0.8,
				0,
				1.458,
				0.1,
				0,
				1.658,
				0.7,
				0,
				1.867,
				-0.621,
				0,
				2.083,
				0.3,
				0,
				2.258,
				-0.2,
				0,
				2.625,
				-0.2,
				0,
				2.85,
				-0.153,
				0,
				3.083,
				-0.153,
				0,
				3.2,
				1,
				0,
				3.3,
				1,
				0,
				3.392,
				1,
				0,
				3.542,
				0,
				0,
				3.742,
				-1,
				0,
				3.983,
				0,
				0,
				4.167,
				0.1,
				0,
				4.35,
				1,
				0,
				4.575,
				1,
				0,
				4.792,
				-0.1,
				0,
				5.042,
				0.3
			]
		},
		{
			"Target": "Parameter",
			"Id": "ParamBrowLY",
			"Segments": [
				0,
				-1,
				0,
				0.2,
				-1,
				0,
				0.358,
				0.091,
				0,
				0.383,
				0,
				0,
				0.5,
				1,
				0,
				0.617,
				0.776,
				0,
				0.708,
				-0.7,
				0,
				0.908,
				1,
				0,
				1.05,
				-1,
				0,
				1.217,
				0.7,
				0,
				1.458,
				-1,
				0,
				1.658,
				-1,
				0,
				1.867,
				-0.668,
				0,
				2.083,
				0.5,
				0,
				2.258,
				0,
				0,
				2.625,
				0,
				0,
				2.85,
				-0.093,
				0,
				3.083,
				-0.093,
				0,
				3.2,
				1,
				0,
				3.3,
				1,
				0,
				3.392,
				-1,
				0,
				3.542,
				-0.4,
				0,
				3.742,
				-0.3,
				0,
				3.983,
				-1,
				0,
				4.167,
				-0.4,
				0,
				4.35,
				0.1,
				0,
				4.575,
				0.1,
				0,
				4.792,
				-0.2,
				0,
				5.042,
				-1
			]
		},
		{
			"Target": "Parameter",
			"Id": "ParamBrowRForm",
			"Segments": [
				0,
				-0.449,
				0,
				0.2,
				-0.449,
				0,
				0.358,
				-0.449,
				0,
				0.5,
				-0.449,
				0,
				0.617,
				-0.449,
				0,
				0.708,
				-0.449,
				0,
				0.908,
				-0.449,
				0,
				1.05,
				-0.449,
				0,
				1.217,
				-0.449,
				0,
				1.458,
				-0.449,
				0,
				1.658,
				-0.449,
				0,
				1.867,
				-0.449,
				0,
				2.083,
				-0.449,
				0,
				2.258,
				-0.449,
				0,
				2.625,
				-0.449,
				0,
				2.85,
				-0.449,
				0,
				3.083,
				-0.449,
				0,
				3.542,
				-0.449,
				0,
				3.742,
				-0.449,
				0,
				3.983,
				-0.449,
				0,
				4.167,
				-0.449,
				0,
				4.35,
				-0.449,
				0,
				4.575,
				-0.449,
				0,
				4.792,
				-0.449,
				0,
				5.042,
				-0.449
			]
		},
		{
			"Target": "Parameter",
			"Id": "ParamMouthForm",
			"Segments": [
				0,
				-0.1,
				0,
				0.2,
				1,
				0,
				0.358,
				0.455,
				0,
				0.5,
				0,
				0,
				0.617,
				0.224,
				0,
				0.708,
				0.4,
				0,
				0.908,
				0,
				0,
				1.05,
				-0.4,
				0,
				1.217,
				-0.4,
				0,
				1.458,
				0.3,
				0,
				1.658,
				0.3,
				0,
				1.867,
				0.3,
				0,
				2.083,
				0.3,
				0,
				2.258,
				0.3,
				0,
				2.625,
				0.3,
				0,
				2.85,
				0.263,
				0,
				3.083,
				0.263,
				0,
				3.2,
				0.1,
				0,
				3.3,
				0.1,
				0,
				3.392,
				-0.1,
				0,
				3.542,
				0.9,
				0,
				3.742,
				-1,
				0,
				3.983,
				0,
				0,
				4.167,
				0,
				0,
				4.35,
				0,
				0,
				4.575,
				0,
				0,
				4.792,
				1,
				0,
				5.042,
				-0.1
			]
		},
		{
			"Target": "Parameter",
			"Id": "ParamMouthOpenY",
			"Segments": [
				0,
				0,
				0,
				0.2,
				0,
				0,
				0.358,
				0,
				0,
				0.5,
				0,
				0,
				0.617,
				0,
				0,
				0.708,
				0,
				0,
				0.908,
				0,
				0,
				1.05,
				0,
				0,
				1.217,
				0,
				0,
				1.458,
				0,
				0,
				1.658,
				0,
				0,
				1.867,
				0,
				0,
				2.083,
				0,
				0,
				2.258,
				0,
				0,
				2.625,
				0,
				0,
				2.85,
				0,
				0,
				3.083,
				0,
				0,
				3.2,
				0,
				0,
				3.3,
				0,
				0,
				3.392,
				0,
				0,
				3.542,
				0,
				0,
				3.742,
				0,
				0,
				3.983,
				0,
				0,
				4.167,
				0,
				0,
				4.35,
				0,
				0,
				4.575,
				0,
				0,
				4.792,
				0,
				0,
				5.042,
				0
			]
		},
		{
			"Target": "Parameter",
			"Id": "ParamBodyAngleX",
			"Segments": [
				0,
				0,
				1,
				0.067,
				0,
				0.133,
				0,
				0.2,
				0,
				1,
				0.253,
				0,
				0.306,
				0,
				0.358,
				0,
				1,
				0.406,
				0,
				0.453,
				0,
				0.5,
				0,
				1,
				0.539,
				0,
				0.578,
				0,
				0.617,
				0,
				1,
				0.647,
				0,
				0.678,
				0,
				0.708,
				0,
				1,
				0.775,
				0,
				0.842,
				0,
				0.908,
				0,
				1,
				0.956,
				0,
				1.003,
				0,
				1.05,
				0,
				1,
				1.106,
				0,
				1.161,
				0,
				1.217,
				0,
				1,
				1.297,
				0,
				1.378,
				0,
				1.458,
				0,
				1,
				1.525,
				0,
				1.592,
				0,
				1.658,
				0,
				1,
				1.728,
				0,
				1.797,
				0,
				1.867,
				0,
				1,
				1.939,
				0,
				2.011,
				0,
				2.083,
				0,
				1,
				2.142,
				0,
				2.2,
				0,
				2.258,
				0,
				1,
				2.381,
				0,
				2.503,
				0,
				2.625,
				0,
				1,
				2.7,
				0,
				2.775,
				0,
				2.85,
				0,
				1,
				2.928,
				0,
				3.006,
				-1,
				3.083,
				-1,
				1,
				3.236,
				-1,
				3.389,
				-0.945,
				3.542,
				-0.861,
				1,
				3.608,
				-0.751,
				3.675,
				-1,
				3.742,
				-1,
				1,
				3.822,
				-1,
				3.903,
				-1,
				3.983,
				-1,
				1,
				4.044,
				-1,
				4.106,
				0,
				4.167,
				0,
				1,
				4.228,
				0,
				4.289,
				-1,
				4.35,
				-1,
				1,
				4.425,
				-1,
				4.5,
				0,
				4.575,
				0,
				1,
				4.647,
				0,
				4.719,
				0,
				4.792,
				0,
				1,
				4.875,
				0,
				4.958,
				0,
				5.042,
				0
			]
		},
		{
			"Target": "Parameter",
			"Id": "ParamBodyAngleY",
			"Segments": [
				0,
				0,
				0,
				0.2,
				-10,
				0,
				0.358,
				10,
				0,
				0.5,
				-10,
				0,
				0.608,
				10,
				0,
				0.617,
				0,
				0,
				0.708,
				-10,
				0,
				0.908,
				10,
				0,
				1.05,
				10,
				0,
				1.217,
				-3,
				0,
				1.225,
				-10,
				0,
				1.458,
				10,
				0,
				1.658,
				-10,
				0,
				1.867,
				10,
				0,
				2.083,
				-10,
				0,
				2.258,
				10,
				0,
				2.492,
				-10,
				0,
				2.625,
				10,
				0,
				2.85,
				-10,
				0,
				3.083,
				10,
				0,
				3.2,
				-10,
				0,
				3.3,
				10,
				0,
				3.392,
				-10,
				0,
				3.542,
				10,
				0,
				3.742,
				-10,
				0,
				3.983,
				-10,
				0,
				4.167,
				10,
				0,
				4.35,
				-10,
				0,
				4.575,
				10,
				0,
				4.792,
				-10,
				0,
				5.042,
				0
			]
		},
		{
			"Target": "Parameter",
			"Id": "ParamBodyAngleZ",
			"Segments": [
				0,
				0,
				1,
				0.067,
				0,
				0.133,
				2,
				0.2,
				2,
				1,
				0.253,
				2,
				0.306,
				2.08,
				0.358,
				1,
				1,
				0.406,
				0.034,
				0.453,
				-4,
				0.5,
				-4,
				1,
				0.539,
				-4,
				0.578,
				-2.059,
				0.617,
				-0.532,
				1,
				0.647,
				0.668,
				0.678,
				1.618,
				0.708,
				2,
				1,
				0.775,
				2.833,
				0.842,
				3,
				0.908,
				3,
				1,
				0.956,
				3,
				1.003,
				1,
				1.05,
				1,
				1,
				1.106,
				1,
				1.161,
				1,
				1.217,
				1,
				1,
				1.297,
				1,
				1.378,
				1,
				1.458,
				1,
				1,
				1.525,
				1,
				1.592,
				-5,
				1.658,
				-5,
				1,
				1.728,
				-5,
				1.797,
				1.079,
				1.867,
				1.079,
				1,
				1.939,
				1.079,
				2.011,
				0,
				2.083,
				0,
				1,
				2.142,
				0,
				2.2,
				1.318,
				2.258,
				2,
				1,
				2.336,
				2.91,
				2.414,
				3,
				2.492,
				3,
				1,
				2.536,
				3,
				2.581,
				0,
				2.625,
				0,
				1,
				2.7,
				0,
				2.775,
				0,
				2.85,
				0,
				1,
				2.928,
				0,
				3.006,
				-0.112,
				3.083,
				-1,
				1,
				3.122,
				-1.444,
				3.161,
				-3,
				3.2,
				-3,
				1,
				3.233,
				-3,
				3.267,
				-1.694,
				3.3,
				0,
				1,
				3.331,
				1.553,
				3.361,
				2,
				3.392,
				2,
				1,
				3.442,
				2,
				3.492,
				-3,
				3.542,
				-3,
				1,
				3.608,
				-3,
				3.675,
				-1,
				3.742,
				-1,
				1,
				3.822,
				-1,
				3.903,
				-4,
				3.983,
				-4,
				1,
				4.044,
				-4,
				4.106,
				0,
				4.167,
				0,
				1,
				4.228,
				0,
				4.289,
				-5,
				4.35,
				-5,
				1,
				4.425,
				-5,
				4.5,
				-4.903,
				4.575,
				-3,
				1,
				4.647,
				-1.168,
				4.719,
				2,
				4.792,
				2,
				1,
				4.875,
				2,
				4.958,
				0,
				5.042,
				0
			]
		}
	]
}